Workbook

Sheet MANIFEST
A1: Sample Label | B1: Description | C1: Thickness | D1: Slide or Tube | E1: Group | F1: GFP | G1: Type | H1: Animal | I1: Location | J1: Used | K1: Details | L1: Notes | M1: NI | N1: Raman | O1: SHG | P1: SAXS | Q1: labSAXS | R1: Microscopy | S1: demo/practice
A2: 1 Paper | B2: 60um block 1 Female adult back skin 1 10 weeks 10um, 30um 60um | C2: 60 | D2: Slide | E2: Plain | G2: Plain | H2: Mouse | I2: RAMAN BOX | J2: Yes | K2: cover slip | L2: For paper | M2: done | N2: done
A3: 2 Paper | B3: 60um block 1 Female adult back skin 1 10 weeks 10um, 30um 60um | C3: 60 | D3: Slide | E3: Plain | G3: Plain | H3: Mouse | I3: SHG BOX | J3: Yes | K3: fixed | L3: For paper | O3: to do
A4: 3 Paper | B4: 60um block 1 Female adult back skin 1 10 weeks 10um, 30um 60um | C4: 60 | D4: Slide | E4: Plain | G4: Plain | H4: Mouse | I4: DONE BOX | J4: Yes | L4: For paper
A5: 4 Paper | B5: 60um block 1 Female adult back skin 1 10 weeks 10um, 30um 60um | C5: 60 | D5: Slide | E5: Plain | G5: Plain | H5: Mouse | I5: DONE BOX | J5: Yes | L5: For paper | M5: done | O5: to do
A6: 5 Paper | B6: 60um block 1 Female adult back skin 1 10 weeks 10um, 30um 60um | C6: 60 | D6: Slide | E6: Plain | G6: Plain | H6: Mouse | I6: SHG BOX | J6: Yes | K6: fixed | L6: For paper
A7: 6 Paper | B7: 60um block 1 Female adult back skin 1 10 weeks 10um, 30um 60um | C7: 60 | D7: Slide | E7: Plain | G7: Plain | H7: Mouse | I7: RAMAN BOX | J7: Yes | K7: cover slip | L7: For paper | M7: done | N7: to do
A8: 7 Paper | B8: 30um block 1 Female adult back skin 1 10 weeks 10um, 30um 60um | C8: 30 | D8: Slide | E8: Plain | G8: Plain | H8: Mouse | I8: PAPER BOX | L8: For paper
A9: 8 Paper | B9: 30um block 1 Female adult back skin 1 10 weeks 10um, 30um 60um | C9: 30 | D9: Slide | E9: Plain | G9: Plain | H9: Mouse | I9: DONE BOX | J9: Yes | L9: For paper | M9: done
A10: 9 Paper | B10: 30um block 1 Female adult back skin 1 10 weeks 10um, 30um 60um | C10: 30 | D10: Slide | E10: Plain | G10: Plain | H10: Mouse | I10: PAPER BOX | L10: For paper
A11: 10 Paper | B11: 30um block 1 Female adult back skin 1 10 weeks 10um, 30um 60um | C11: 30 | D11: Slide | E11: Plain | G11: Plain | H11: Mouse | I11: PAPER BOX | L11: For paper
A12: 11 Paper | B12: 10um block 1 Female adult back skin 1 10 weeks 10um, 30um 60um | C12: 12 | D12: Slide | E12: Plain | G12: Plain | H12: Mouse | I12: SHG BOX | J12: used | L12: For paper | R12: done
A13: 12 Paper | B13: 10um block 1 Female adult back skin 1 10 weeks 10um, 30um 60um | C13: 12 | D13: Slide | E13: Plain | G13: Plain | H13: Mouse | I13: PAPER BOX | J13: Yes | L13: For paper | M13: done
A14: 13 Paper | B14: 10um block 1 Female adult back skin 1 10 weeks 10um, 30um 60um | C14: 12 | D14: Slide | E14: Plain | G14: Plain | H14: Mouse | I14: SHG BOX | J14: used | L14: For paper | R14: done
A15: 14 Paper | B15: 10um block 1 Female adult back skin 1 10 weeks 10um, 30um 60um | C15: 12 | D15: Slide | E15: Plain | G15: Plain | H15: Mouse | I15: SHG BOX | J15: used | L15: For paper | R15: done
A16: 15 Paper | B16: 60um block 2 GFP adult female back skin 2 NF WT | C16: 60 | D16: Slide | E16: Plain | F16: GFP | G16: Plain | H16: Mouse | I16: DONE BOX | J16: Yes | L16: For paper
A17: 16 Paper | B17: 60um block 2 GFP adult female back skin 2 NF WT | C17: 60 | D17: Slide | E17: Plain | F17: GFP | G17: Plain | H17: Mouse | I17: DONE BOX | J17: Yes | L17: For paper
A18: 17 Paper | B18: 60um block 2 GFP adult female back skin 2 NF WT | C18: 60 | D18: Slide | E18: Plain | F18: GFP | G18: Plain | H18: Mouse | I18: RAMAN BOX | J18: Yes | K18: cover slip | L18: For paper | N18: to do
A19: 18 Paper | B19: 60um block 2 GFP adult female back skin 2 NF WT | C19: 60 | D19: Slide | E19: Plain | F19: GFP | G19: Plain | H19: Mouse | I19: DONE BOX | J19: Yes | L19: For paper | M19: done
A20: 19 Paper | B20: 60um block 2 GFP adult female back skin 2 NF WT | C20: 60 | D20: Slide | E20: Plain | F20: GFP | G20: Plain | H20: Mouse | I20: BIN | L20: For paper
A21: 20 Paper | B21: 60um block 2 GFP adult female back skin 2 NF WT | C21: 60 | D21: Slide | E21: Plain | F21: GFP | G21: Plain | H21: Mouse | I21: DONE BOX | J21: Yes | L21: For paper | M21: done
A22: 21 Paper | B22: 30um block 2 GFP adult female back skin 2 NF WT | C22: 30 | D22: Slide | E22: Plain | F22: GFP | G22: Plain | H22: Mouse | I22: SHG BOX | J22: Yes | K22: fixed | L22: For paper | O22: to do
A23: 22 Paper | B23: 30um block 2 GFP adult female back skin 2 NF WT | C23: 30 | D23: Slide | E23: Plain | F23: GFP | G23: Plain | H23: Mouse | I23: SHG BOX | J23: Yes | K23: fixed | L23: For paper | M23: done | O23: to do
A24: 23 Paper | B24: 30um block 2 GFP adult female back skin 2 NF WT | C24: 30 | D24: Slide | E24: Plain | F24: GFP | G24: Plain | H24: Mouse | I24: PAPER BOX | L24: For paper
A25: 24 Paper | B25: 30um block 2 GFP adult female back skin 2 NF WT | C25: 30 | D25: Slide | E25: Plain | F25: GFP | G25: Plain | H25: Mouse | I25: PAPER BOX | L25: For paper
A26: 25 Paper | B26: 12um block 2 GFP adult female back skin 2 NF WT | C26: 12 | D26: Slide | E26: Plain | F26: GFP | G26: Plain | H26: Mouse | I26: SHG BOX | J26: Yes | K26: fixed | L26: For paper | O26: to do | R26: to do
A27: 26 Paper | B27: 12um block 2 GFP adult female back skin 2 NF WT | C27: 12 | D27: Slide | E27: Plain | F27: GFP | G27: Plain | H27: Mouse | J27: Yes | K27: fixed | L27: For paper | O27: to do
A28: 27 Paper | B28: 12um block 2 GFP adult female back skin 2 NF WT | C28: 12 | D28: Slide | E28: Plain | F28: GFP | G28: Plain | H28: Mouse | I28: SHG BOX | J28: used | L28: For paper | R28: done
A29: 28 Paper | B29: 12um block 2 GFP adult female back skin 2 NF WT | C29: 12 | D29: Slide | E29: Plain | F29: GFP | G29: Plain | H29: Mouse | I29: SHG BOX | J29: Yes | K29: fixed | L29: For paper | M29: done | O29: to do
A30: 29 Paper | B30: 60um block 3 W day 10 (no wound) female 07/10/22 | C30: 60 | D30: Slide | E30: Plain | G30: Plain | H30: Mouse | I30: PAPER BOX | L30: For paper
A31: 30 Paper | B31: 60um block 3 W day 10 (no wound) female 07/10/22 | C31: 60 | D31: Slide | E31: Plain | G31: Plain | H31: Mouse | I31: RAMAN BOX | J31: Yes | K31: cover sip | L31: For paper | M31: done | N31: done
A32: 31 Paper | B32: 60um block 3 W day 10 (no wound) female 07/10/22 | C32: 60 | D32: Slide | E32: Plain | G32: Plain | H32: Mouse | I32: SHG BOX | K32: fixed | L32: For paper | O32: to do
A33: 32 Paper | B33: 60um block 3 W day 10 (no wound) female 07/10/22 | C33: 60 | D33: Slide | E33: Plain | G33: Plain | H33: Mouse | I33: RAMAN BOX | J33: Yes | K33: cover slip | L33: For paper | M33: done | N33: done
A34: 33 Paper | B34: 60um block 3 W day 10 (no wound) female 07/10/22 | C34: 60 | D34: Slide | E34: Plain | G34: Plain | H34: Mouse | I34: SHG BOX | J34: Yes | K34: fixed | L34: For paper
A35: 34 Paper | B35: 60um block 3 W day 10 (no wound) female 07/10/22 | C35: 60 | D35: Slide | E35: Plain | G35: Plain | H35: Mouse | I35: PAPER BOX | L35: For paper
A36: 35 Paper | B36: 30um block 3 W day 10 (no wound) female 07/10/22 | C36: 30 | D36: Slide | E36: Plain | G36: Plain | H36: Mouse | I36: PAPER BOX | L36: For paper
A37: 36 Paper | B37: 30um block 3 W day 10 (no wound) female 07/10/22 | C37: 30 | D37: Slide | E37: Plain | G37: Plain | H37: Mouse | I37: SHG BOX | J37: Yes | K37: fixed | L37: For paper | M37: done | O37: to do
A38: 37 Paper | B38: 30um block 3 W day 10 (no wound) female 07/10/22 | C38: 30 | D38: Slide | E38: Plain | G38: Plain | H38: Mouse | I38: PAPER BOX | L38: For paper
A39: 38 Paper | B39: 30um block 3 W day 10 (no wound) female 07/10/22 | C39: 30 | D39: Slide | E39: Plain | G39: Plain | H39: Mouse | I39: PAPER BOX | L39: For paper
A40: 39 Paper | B40: 12um block 3 W day 10 (no wound) female 07/10/22 | C40: 12 | D40: Slide | E40: Plain | G40: Plain | H40: Mouse | I40: DONE BOX | J40: Yes | L40: For paper | R40: to do
A41: 40 Paper | B41: 12um block 3 W day 10 (no wound) female 07/10/22 | C41: 12 | D41: Slide | E41: Plain | G41: Plain | H41: Mouse | I41: PAPER BOX | L41: For paper
A42: 41 Paper | B42: 12um block 3 W day 10 (no wound) female 07/10/22 | C42: 12 | D42: Slide | E42: Plain | G42: Plain | H42: Mouse | I42: DONE BOX | J42: Yes | L42: For paper | M42: done
A43: 42 Paper | B43: 12um block 3 W day 10 (no wound) female 07/10/22 | C43: 12 | D43: Slide | E43: Plain | G43: Plain | H43: Mouse | I43: PAPER BOX | L43: For paper
A44: 43 Paper | B44: 60um block 4 WT back skin wound day 2 (no wound) WT3 female | C44: 60 | D44: Slide | E44: Plain | G44: Plain | H44: Mouse | I44: SHG BOX | J44: Yes | K44: fixed | L44: For paper | O44: to do
A45: 44 Paper | B45: 60um block 4 WT back skin wound day 2 (no wound) WT3 female | C45: 60 | D45: Slide | E45: Plain | G45: Plain | H45: Mouse | I45: RAMAN BOX | J45: Yes | K45: cover slip | L45: For paper | M45: done | N45: done
A46: 45 Paper | B46: 60um block 4 WT back skin wound day 2 (no wound) WT3 female | C46: 60 | D46: Slide | E46: Plain | G46: Plain | H46: Mouse | I46: DONE BOX | J46: Yes | L46: For paper | M46: done
A47: 46 Paper | B47: 60um block 4 WT back skin wound day 2 (no wound) WT3 female | C47: 60 | D47: Slide | E47: Plain | G47: Plain | H47: Mouse | I47: PAPER BOX | L47: For paper
A48: 47 Paper | B48: 60um block 4 WT back skin wound day 2 (no wound) WT3 female | C48: 60 | D48: Slide | E48: Plain | G48: Plain | H48: Mouse | I48: PAPER BOX | L48: For paper
A49: 48 Paper | B49: 60um block 4 WT back skin wound day 2 (no wound) WT3 female | C49: 60 | D49: Slide | E49: Plain | G49: Plain | H49: Mouse | I49: PAPER BOX | L49: For paper
A50: 49 Paper | B50: 30um block 4 WT back skin wound day 2 (no wound) WT3 female | C50: 30 | D50: Slide | E50: Plain | G50: Plain | H50: Mouse | I50: DONE BOX | J50: Yes | L50: For paper
A51: 50 Paper | B51: 30um block 4 WT back skin wound day 2 (no wound) WT3 female | C51: 30 | D51: Slide | E51: Plain | G51: Plain | H51: Mouse | I51: BIN | J51: Yes | L51: For paper
A52: 51 Paper | B52: 30um block 4 WT back skin wound day 2 (no wound) WT3 female | C52: 30 | D52: Slide | E52: Plain | G52: Plain | H52: Mouse | I52: DONE BOX | J52: Yes | L52: For paper | M52: done | R52: Done
A53: 52 Paper | B53: 30um block 4 WT back skin wound day 2 (no wound) WT3 female | C53: 30 | D53: Slide | E53: Plain | G53: Plain | H53: Mouse | I53: PAPER BOX | J53: Yes | L53: For paper | R53: Done
A54: 53 Paper | B54: 12um block 4 WT back skin wound day 2 (no wound) WT3 female | C54: 12 | D54: Slide | E54: Plain | G54: Plain | H54: Mouse | I54: DONE BOX | J54: Yes | L54: For paper | M54: done | R54: to do
A55: 54 Paper | B55: 12um block 4 WT back skin wound day 2 (no wound) WT3 female | C55: 12 | D55: Slide | E55: Plain | G55: Plain | H55: Mouse | I55: DONE BOX | J55: Yes | L55: For paper | M55: done
A56: 55 Paper | B56: 12um block 4 WT back skin wound day 2 (no wound) WT3 female | C56: 12 | D56: Slide | E56: Plain | G56: Plain | H56: Mouse | I56: DONE BOX | J56: Yes | L56: For paper
A57: 56 Paper | B57: 12um block 4 WT back skin wound day 2 (no wound) WT3 female | C57: 12 | D57: Slide | E57: Plain | G57: Plain | H57: Mouse | I57: PAPER BOX
A58: 16 F PW 7 | B58: Post Wounding day 7 Adult WT, wound wf 4 | C58: 60 | D58: Slide | E58: Wounding | G58: Day 7 | H58: Mouse | I58: BIN | K58: lost due to freezer | M58: to do | N58: to do
A59: 17 F PW 7 | B59: Post Wounding day 7 Adult WT | C59: 60 | D59: Slide | E59: Wounding | G59: Day 7 | H59: Mouse | I59: BIN | K59: lost due to freezer | O59: to do
A60: 18 F PW 7 | B60: Post Wounding day 7 Adult WT | C60: 60 | D60: Slide | E60: Wounding | G60: Day 7 | H60: Mouse | I60: BIN | K60: lost due to freezer
A61: S1 SAXS 1 | B61: Post Wounding day 7 100um | C61: 100 | D61: Slide | E61: Wounding | G61: Day 7 | H61: Mouse | I61: BIN | J61: Yes | K61: lost due to freezer
A62: S2 SAXS 2 | B62: Post Wounding day 7 100um | C62: 100 | D62: Slide | E62: Wounding | G62: Day 7 | H62: Mouse | I62: BIN | J62: Yes | K62: lost due to freezer
A63: S3 SAXS 3 | B63: Post Wounding day 7 100um | C63: 100 | D63: Slide | E63: Wounding | G63: Day 7 | H63: Mouse | I63: BIN | J63: Yes | K63: lost due to freezer
A64: S4 SAXS 4 | B64: Unwounded mouse 60um | C64: 60 | D64: Slide | E64: Wounding | G64: Unwounded | H64: Mouse | I64: BIN | J64: Yes | K64: lost due to freezer
A65: S5 SAXS 5 | B65: Unwounded mouse 100um | C65: 100 | D65: Slide | E65: Wounding | G65: Unwounded | H65: Mouse | I65: BIN | J65: Yes | K65: lost due to freezer
A66: S6 SAXS 6 | B66: Unwounded mouse (0.5-1mm) | C66: 500 | D66: Slide | E66: Wounding | G66: Unwounded | H66: Mouse | I66: BIN | J66: used | K66: lost due to freezer
A67: S7 SAXS 7 | B67: Unwounded mouse (0.5-1mm) | C67: 500 | D67: Slide | E67: Wounding | G67: Unwounded | H67: Mouse | I67: BIN | J67: Yes | K67: lost due to freezer
A68: S8 SAXS 8 | B68: Unwounded mouse (0.5-1mm) | C68: 500 | D68: Slide | E68: Wounding | G68: Unwounded | H68: Mouse | I68: BIN | J68: Yes | K68: lost due to freezer
A69: 19 G | B69: Adult unwounded (w4) | C69: 60 | D69: Slide | E69: Wounding | G69: Unwounded | H69: Mouse | I69: BIN | J69: Yes | K69: lost due to freezer | S69: done
A70: 20 G | B70: Adult unwounded (w4) | C70: 60 | D70: Slide | E70: Wounding | G70: Unwounded | H70: Mouse | I70: BIN | K70: lost due to freezer
A71: 21 G | B71: Adult unwounded (w4) | C71: 60 | D71: Slide | E71: Wounding | G71: Unwounded | H71: Mouse | I71: BIN | K71: lost due to freezer
A72: 22 H | B72: Unwounded Adult WT pw day 7 (w1) | C72: 60 | D72: Slide | E72: Wounding | G72: Unwounded | H72: Mouse | I72: BIN | K72: lost due to freezer
A73: 23 H | B73: Unwounded Adult WT pw day 7 (w1) | C73: 60 | D73: Slide | E73: Wounding | G73: Unwounded | H73: Mouse | I73: BIN | J73: Yes | K73: lost due to freezer | M73: done
A74: 24 H | B74: Unwounded Adult WT pw day 7 (w1) | C74: 60 | D74: Slide | E74: Wounding | G74: Unwounded | H74: Mouse | I74: BIN | K74: lost due to freezer
A75: 25 I | B75: Wound bed Adult WT pw day 7 (w1) (same Block as H) | C75: 60 | D75: Slide | E75: Wounding | G75: Day 7 | H75: Mouse | I75: BIN | J75: Yes | K75: lost due to freezer | M75: done
A76: 26 I | B76: Wound bed Adult WT pw day 7 (w1) | C76: 60 | D76: Slide | E76: Wounding | G76: Day 7 | H76: Mouse | I76: BIN | J76: Yes | K76: lost due to freezer | M76: done
A77: 27 I | B77: Wound bed Adult WT pw day 7 (w1) | C77: 60 | D77: Slide | E77: Wounding | G77: Day 7 | H77: Mouse | I77: BIN | K77: lost due to freezer
A78: 28 J | B78: Unwounded Adult WT pw day 7 (w2) | C78: 60 | D78: Slide | E78: Wounding | G78: Unwounded | H78: Mouse | I78: BIN | K78: lost due to freezer
A79: 29 J | B79: Unwounded Adult WT pw day 7 (w2) | C79: 60 | D79: Slide | E79: Wounding | G79: Unwounded | H79: Mouse | I79: BIN | K79: lost due to freezer
A80: 30 J | B80: Unwounded Adult WT pw day 7 (w2) | C80: 60 | D80: Slide | E80: Wounding | G80: Unwounded | H80: Mouse | I80: BIN | K80: lost due to freezer
A81: 31 K | B81: Wound bed Adult WT pw day 7 (w2) (same Block as J) | C81: 60 | D81: Slide | E81: Wounding | G81: Day 7 | H81: Mouse | I81: BIN | K81: lost due to freezer
A82: 32 K | B82: Wound bed Adult WT pw day 7 (w2) | C82: 60 | D82: Slide | E82: Wounding | G82: Day 7 | H82: Mouse | I82: BIN | K82: lost due to freezer
A83: 33 K | B83: Wound bed Adult WT pw day 7 (w2) | C83: 60 | D83: Slide | E83: Wounding | G83: Day 7 | H83: Mouse | I83: BIN | K83: lost due to freezer
A84: 34 L | B84: Unwounded Adult WT pw day 7 (w3) | C84: 60 | D84: Slide | E84: Wounding | G84: Unwounded | H84: Mouse | I84: BIN | K84: lost due to freezer
A85: 35 L | B85: Unwounded Adult WT pw day 7 (w3) | C85: 60 | D85: Slide | E85: Wounding | G85: Unwounded | H85: Mouse | I85: BIN | J85: Yes | K85: lost due to freezer | M85: done
A86: 36 L | B86: Unwounded Adult WT pw day 7 (w3) | C86: 60 | D86: Slide | E86: Wounding | G86: Unwounded | H86: Mouse | I86: BIN | K86: lost due to freezer
A87: 37 M | B87: Wound bed Adult WT pw day 7 (w3) (same Block as L) | C87: 60 | D87: Slide | E87: Wounding | G87: Day 7 | H87: Mouse | I87: BIN | K87: lost due to freezer
A88: 38 M | B88: Wound bed Adult WT pw day 7 (w3) | C88: 60 | D88: Slide | E88: Wounding | G88: Day 7 | H88: Mouse | I88: BIN | K88: lost due to freezer
A89: 39 M | B89: Wound bed Adult WT pw day 7 (w3) | C89: 60 | D89: Slide | E89: Wounding | G89: Day 7 | H89: Mouse | I89: BIN | K89: lost due to freezer
A90: 40 N | B90: Embryonic day 16.5 (inc membrane) | C90: 60 | D90: Slide | E90: Aging | G90: E16.5 | H90: Mouse | I90: RAMAN BOX | K90: cover slip | N90: to do
A91: 41 N | B91: Embryonic day 16.5 (inc membrane) | C91: 60 | D91: Slide | E91: Aging | G91: E16.5 | H91: Mouse | I91: SHG BOX
A92: 42 N | B92: Embryonic day 16.5 (inc membrane) | C92: 60 | D92: Slide | E92: Aging | G92: E16.5 | H92: Mouse | I92: RAMAN BOX | K92: cover lip | N92: to do
A93: 43 O | B93: Embryonic day 16.5 (inc membrane) | C93: 60 | D93: Slide | E93: Aging | G93: E16.5 | H93: Mouse | K93: fixed | O93: to do
A94: 44 O | B94: Embryonic day 16.5 (inc membrane) | C94: 60 | D94: Slide | E94: Aging | G94: E16.5 | H94: Mouse | I94: SHG BOX | K94: fixed | O94: to do
A95: 45 O | B95: Embryonic day 16.5 (inc membrane) | C95: 60 | D95: Slide | E95: Aging | G95: E16.5 | H95: Mouse | I95: RAMAN BOX | K95: cover slip | M95: to do | N95: to do
A96: 46 P | B96: 2w (apex S) bleomycin treated | C96: 60 | D96: Slide | E96: Bleomycin | G96: 2W | H96: Mouse | I96: BIN
A97: 47 P | B97: 2w (apex S) | C97: 60 | D97: Slide | E97: Bleomycin | G97: 2W | H97: Mouse | I97: BIN
A98: 48 P | B98: 2w (apex S) | C98: 60 | D98: Slide | E98: Bleomycin | G98: 2W | H98: Mouse | I98: DONE BOX | J98: Yes | M98: done
A99: 49 Q | B99: 2w (apex S) | C99: 60 | D99: Slide | E99: Bleomycin | G99: 2W | H99: Mouse | I99: DONE BOX | L99: theres a49p in unused box
A100: 50 Q | B100: 2w (apex S) | C100: 60 | D100: Slide | E100: Bleomycin | G100: 2W | H100: Mouse | I100: DONE BOX | J100: Yes | M100: done
...

Sheet Lab book NI
A1: Sample | B1: Type | C1: Group | D1: Sample Name | E1: Date | F1: Time | G1: thickness | H1: Notes | I1: depth | J1: speed | K1: hold | L1: Res | M1: Region | N1: Scan | O1: File name | P1: Notes | Q1: Image name
A2: 270 | B2: VEH | C2: AP1 | D2: Vehicle ap1 1P 10/03/23 (1) | E2: 13/08/24 | F2: 0.66666667 | G2: 12 | H2: label edge | I2: 1200 | J2: 2500 | K2: 3 | L2: 10
A3: 269 | B3: TS | C3: AP1 | D3: T5224 F1-1 18/8/23 | E3: 13/08/24 | F3: 0.41666667 | G3: 12 | H3: label edge | I3: 1200 | J3: 2500 | K3: 3 | L3: 10
A4: 275 | B4: VEH | C4: AP1 | D4: Vehicle ap1 F1-1 18/8/23 | E4: 13/08/24 | F4: 0.70833333 | G4: 12 | H4: label edge | I4: 1200 | J4: 2500 | K4: 3 | L4: 10
A5: 277 | B5: VEH | C5: AP1 | D5: Vehicle ap1 F2-1 18/8/23 | E5: 13/08/24 | F5: 0.58333333 | G5: 12 | H5: label edge | I5: 1200 | J5: 2500 | K5: 3 | L5: 10
A6: 274 (mislab 271) | B6: TS | C6: AP1 | D6: T5224 F2-2 18/8/23 | E6: 13/08/24 | F6: 0.45833333 | G6: 12 | H6: label edge | I6: 1200 | J6: 2500 | K6: 3 | L6: 10 | P6: was at one point mislabelled 271A
A7: 272 | B7: TS | C7: AP1 | D7: T5224 F3-2 18/8/23 | E7: 13/08/24 | F7: 0.54166667 | G7: 12 | H7: label edge | I7: 1200 | J7: 2500 | K7: 3 | L7: 10
A8: 278 | B8: CL | C8: CL | D8: pw21 F1-1 16/7/24 (7) CL | E8: 23/08/24 | F8: 0.54166667 | G8: 12 | H8: label edge | I8: 1200 | J8: 2500 | K8: 3 | L8: 10
A9: 279 | B9: ACE | C9: CL | D9: pw21 F1-2 16/7/24 (2) CL ace | E9: 45331 | F9: 0.54166667 | G9: 12 | H9: label edge | I9: 1200 | J9: 2500 | K9: 3 | L9: 10
A10: 284 | B10: CL | C10: CL | D10: pw21 M1-2 16/7/24 CL | E10: 45331 | F10: 0.45833333 | G10: 12 | H10: label edge | I10: 1200 | J10: 2500 | K10: 3 | L10: 10
A11: 285 | B11: CL | C11: CL | D11: pw21 M2-1 16/7/24 (5) CL | E11: 23/08/24 | F11: 0.625 | G11: 12 | H11: label edge | I11: 1200 | J11: 2500 | K11: 3 | L11: 10
A12: 16F (f21 ts) | B12: TS | C12: AP1 | D12: T5224 sample F2-1 Female 2 Wound 1 10days PW 18/8/23 | E12: 14/03/24 | F12: 0.70833333 | G12: 12 | H12: label edge | I12: 1200 | J12: 2500 | K12: 3 | L12: 10
A13: 19g (f32 ts) | B13: TS | C13: AP1 | D13: T5224 sample F3-2 Female 3 Wound 2 10days PW 18/8/23 | E13: 45632 | F13: 0.375 | G13: 12 | H13: label edge | I13: 1200 | J13: 2500 | K13: 3 | L13: 10
A14: 23H (veh f22) | B14: VEH | C14: AP1 | D14: Vehicle control Female 2 Wound 2 10days PW 18/8/23 | E14: 21/03/24 | F14: 0.66666667 | G14: 12 | H14: label edge | I14: 1200 | J14: 2500 | K14: 3 | L14: 10
A15: 20H (veh t11) | B15: VEH | C15: AP1 | D15: Vehicle control F1-1 Female 1 Wound 1 10days PW 18/8/2 | E15: 14/03/24 | F15: 0.66666667 | G15: 12 | H15: label edge | I15: 1200 | J15: 2500 | K15: 3 | L15: 10
A16: 1 | B16: Plain 60 | C16: PLAIN | D16: 60um block 1 Female adult back skin 1 10 weeks 10um, 30um 60um | E16: 44996 | F16: 0.45833333 | G16: 60 | I16: 5000 | J16: 2500 | K16: 3 | L16: 10
A17: 6 | B17: Plain 60 | C17: PLAIN | D17: 60um block 1 Female adult back skin 1 10 weeks 10um, 30um 60um | E17: 22/11/23 | F17: 0.45833333 | G17: 60 | I17: 5000 | J17: 2500 | K17: 3 | L17: 10
A18: 18 | B18: Plain 60 | C18: PLAIN | D18: 60um block 2 GFP adult female back skin 2 NF WT | E18: 45505 | F18: 0.5 | G18: 60 | I18: 5000 | J18: 2500 | K18: 3 | L18: 10
A19: 30 | B19: Plain 60 | C19: PLAIN | D19: 60um block 3 W day 10 (no wound) female 07/10/22 | E19: 45505 | F19: 0.54166667 | G19: 60 | I19: 5000 | J19: 2500 | K19: 3 | L19: 10
A20: 44 | B20: Plain 60 | C20: PLAIN | D20: 60um block 4 WT back skin wound day 2 (no wound) WT3 female | E20: 45566 | F20: 0.45833333 | G20: 60 | I20: 5000 | J20: 2500 | K20: 3 | L20: 10
A21: 5 | B21: Plain 60 | C21: PLAIN | D21: 60um block 1 Female adult back skin 1 10 weeks 10um, 30um 60um | E21: 16/02/24 | F21: 0.66666667 | G21: 60 | I21: 5000 | J21: 2500 | K21: 3 | L21: 10
A22: 4 | B22: Plain 60 | C22: PLAIN | D22: 60um block 1 Female adult back skin 1 10 weeks 10um, 30um 60um | E22: 29/01/24 | F22: 0.41666667 | G22: 60 | I22: 5000 | J22: 2500 | K22: 3 | L22: 10
A23: 20 | B23: Plain 60 | C23: PLAIN | D23: 60um block 2 GFP adult female back skin 2 NF WT | E23: 23/01/24 | F23: 0.5 | G23: 60 | I23: 5000 | J23: 2500 | K23: 3 | L23: 10
A24: 32 | B24: Plain 60 | C24: PLAIN | D24: 60um block 3 W day 10 (no wound) female 07/10/22 | E24: 22/01/24 | F24: 0.5 | G24: 60 | I24: 5000 | J24: 2500 | K24: 3 | L24: 10
A25: 45 | B25: Plain 60 | C25: PLAIN | D25: 60um block 4 WT back skin wound day 2 (no wound) WT3 female | E25: 17/01/24 | F25: 0.625 | G25: 60 | I25: 5000 | J25: 2500 | K25: 3 | L25: 10
A26: 8 | B26: Plain 30 | C26: PLAIN | D26: 30um block 1 Female adult back skin 1 10 weeks 10um, 30um 60um | E26: 22/11/23 | F26: 0.5 | G26: 30 | I26: 2500 | J26: 1250 | K26: 3 | L26: 10
A27: 36 | B27: Plain 30 | C27: PLAIN | D27: 30um block 3 W day 10 (no wound) female 07/10/22 | E27: 45566 | F27: 0.5 | G27: 30 | I27: 2500 | J27: 1250 | K27: 3 | L27: 10
A28: 22 | B28: Plain 30 | C28: PLAIN | D28: 30um block 2 GFP adult female back skin 2 NF WT | E28: 45566 | F28: 0.54166667 | G28: 30 | I28: 2500 | J28: 1250 | K28: 3 | L28: 10
A29: 51 | B29: Plain 30 | C29: PLAIN | D29: 30um block 4 WT back skin wound day 2 (no wound) WT3 female | E29: 45566 | F29: 0.58333333 | G29: 30 | I29: 2500 | J29: 1250 | K29: 3 | L29: 10
A30: 28 | B30: Plain 12 | C30: PLAIN | D30: 12um block 2 GFP adult female back skin 2 NF WT | E30: 16/01/24 | F30: 0.52083333 | G30: 12 | I30: 1250 | J30: =1250/2 -> 625 | K30: 3 | L30: 10
A31: 12 | B31: Plain 12 | C31: PLAIN | D31: 10um block 1 Female adult back skin 1 10 weeks 10um, 30um 60um | E31: 22/11/23 | F31: 0.5 | G31: 12 | I31: 1250 | J31: =1250/2 -> 625 | K31: 3 | L31: 10
A32: 41 | B32: Plain 12 | C32: PLAIN | D32: 12um block 3 W day 10 (no wound) female 07/10/22 | E32: 16/01/24 | F32: 0.54166667 | G32: 12 | I32: 1250 | J32: =1250/2 -> 625 | K32: 3 | L32: 10
A33: 53 | B33: Plain 12 | C33: PLAIN | D33: 12um block 4 WT back skin wound day 2 (no wound) WT3 female | E33: 16/01/24 | F33: 0.58333333 | G33: 12 | I33: 1250 | J33: =1250/2 -> 625 | K33: 3 | L33: 10
A34: 54 | B34: Plain 12 | C34: PLAIN | D34: 12um block 4 WT back skin wound day 2 (no wound) WT3 female | E34: 16/01/24 | F34: 0.625 | G34: 12 | I34: 1250 | J34: =1250/2 -> 625 | K34: 3 | L34: 10
A35: 156 | B35: D14 | C35: WOUNDING | D35: Wound NF (1) adult GFP PW14 male 22.07.2022 | E35: 13/02/24 | F35: 0.58333333 | G35: 60 | I35: 5000 | J35: 2500 | K35: 3 | L35: 10
A36: 166 | B36: D14 | C36: WOUNDING | D36: Wound NF (2) adult GF7 PW14 male 22.07.2022 | E36: 29/05/24 | F36: 0.375 | G36: 60 | I36: 5000 | J36: 2500 | K36: 3 | L36: 10
A37: 201 | B37: VEH | C37: AP1 | D37: Vehicle control sample F2-1 Female 2 Wound 1 10days PW 18/08/23 (same as 303) | E37: 29/05/24 | F37: 0.45833333 | G37: 12 | H37: too deep for sample | I37: 5000 | J37: 2500 | K37: 3 | L37: 10
A38: 210 | B38: D10 | C38: WOUNDING | D38: (2) NF GFP PW10 female 07.10.22 | E38: 20/06/24 | F38: 0.5 | G38: 60 | I38: 5000 | J38: 2500 | K38: 3 | L38: 10
A39: 212 | B39: D10 | C39: WOUNDING | D39: (3) NF GFP PW10 Female 07.10.22 | E39: 20/06/24 | F39: 0.54166667 | G39: 60 | I39: 5000 | J39: 2500 | K39: 3 | L39: 10
A40: 215 | B40: D10 | C40: WOUNDING | D40: (4) NF GFP PW10 Female 07.10.22 | E40: 25/06/24 | F40: 0.41666667 | G40: 60 | I40: 5000 | J40: 2500 | K40: 3 | L40: 10
A41: 230 | B41: D7 | C41: WOUNDING | D41: F2-1 20.2.24 pw7 | E41: 25/06/24 | F41: 0.45833333 | G41: 60 | I41: 5000 | J41: 2500 | K41: 3 | L41: 10
A42: 233 | B42: D7 | C42: WOUNDING | D42: F1-2 20.2.24 pw7 | E42: 45451 | F42: 0.41666667 | G42: 60 | I42: 5000 | J42: 2500 | K42: 3 | L42: 10
A43: 244 | B43: D14 | C43: WOUNDING | D43: pw14 (2) 27.2.24 | E43: 45451 | F43: 0.5 | G43: 60 | I43: 5000 | J43: 2500 | K43: 3 | L43: 10
A44: 242 | B44: D14 | C44: WOUNDING | D44: (1) pw14 27.7.24 | E44: 45329 | F44: 0.41666667 | G44: 60 | I44: 5000 | J44: 2500 | K44: 3 | L44: 10
A45: 25I | B45: D7 | C45: WOUNDING | D45: Wound bed Adult WT pw day 7 (w1) (same Block as H) | E45: 29/08/23 | F45: 0.5 | G45: 60 | I45: 5000 | J45: 2500 | K45: 3 | L45: 10
A46: 26I | B46: D7 | C46: WOUNDING | D46: Wound bed Adult WT pw day 7 (w1) | E46: 21/08/23 | F46: 0.54166667 | G46: 60 | I46: 5000 | J46: 2500 | K46: 3 | L46: 10
A47: 23H | B47: D7 | C47: WOUNDING | D47: Unwounded Adult WT pw day 7 (w1) | E47: 14/08/23 | F47: 0.54166667 | G47: 60 | I47: 5000 | J47: 2500 | K47: 3 | L47: 10
A48: 35L | B48: D7 | C48: WOUNDING | D48: Unwounded Adult WT pw day 7 (w3) | E48: 23/08/23 | F48: 0.5 | G48: 60 | I48: 5000 | J48: 2500 | K48: 3 | L48: 10
A49: 42N | B49: E16.5 | C49: AGING | D49: Embryonic day 16.5 (inc membrane) | E49: 45207 | F49: 0.41666667 | G49: 60 | I49: 5000 | J49: 2500 | K49: 3 | L49: 10
A50: 45O | B50: E16.5 | C50: AGING | D50: Embryonic day 16.5 (inc membrane) | E50: 45207 | F50: 0.5 | G50: 60 | I50: 5000 | J50: 2500 | K50: 3 | L50: 10
A51: p2-1 | B51: P2 | C51: AGING | D51: Post Natal Day 2 | E51: 20/02/24 | F51: 0.54166667 | G51: 60 | I51: 5000 | J51: 5000 | K51: 3 | L51: 10
A52: 69x | B52: P10 | C52: AGING | D52: Post-natal day 10 | E52: 16/08/23 | F52: 0.45833333 | G52: 60 | I52: 5000 | J52: 2500 | K52: 3 | L52: 10
A53: 72Y | B53: P10 | C53: AGING | D53: Post-natal day 10 | E53: 21/07/23 | F53: 0.54166667 | G53: 60 | I53: 5000 | J53: 2500 | K53: 3 | L53: 10
A54: 48P | B54: 2W | C54: BLEOMYCIN | D54: 2w (apex S) | E54: 19/07/23 | F54: 0.41666667 | G54: 60 | I54: 5000 | J54: 2500 | K54: 3 | L54: 10
A55: 50Q | B55: 2W | C55: BLEOMYCIN | D55: 2w (apex S) | E55: 44934 | F55: 0.41666667 | G55: 60 | I55: 5000 | J55: 2500 | K55: 3 | L55: 10
A56: 54S | B56: 4W | C56: BLEOMYCIN | D56: 4w (apex L) bleomycin treated | E56: 31/07/23 | F56: 0.625 | G56: 60 | I56: 5000 | J56: 2500 | K56: 3 | L56: 10
A57: 55S | B57: 4W | C57: BLEOMYCIN | D57: 4w (apex L) | E57: 44934 | F57: 0.45833333 | G57: 60 | I57: 5000 | J57: 2500 | K57: 3 | L57: 10
A58: 57T | B58: 4W | C58: BLEOMYCIN | D58: 4w (apex L) | E58: 19/07/23 | F58: 0.45833333 | G58: 60 | I58: 5000 | J58: 2500 | K58: 3 | L58: 10
A59: 75Z | B59: 4W | C59: BLEOMYCIN | D59: 4w Bleo 3re 1 | E59: 45115 | F59: 0.54166667 | G59: 60 | I59: 5000 | J59: 2500 | K59: 3 | L59: 10
A60: 63V | B60: PBS | C60: BLEOMYCIN | D60: PBS bleo control | E60: 31/07/23 | F60: 0.54166667 | G60: 60 | I60: 5000 | J60: 2500 | K60: 3 | L60: 10
A61: 83AB | B61: PBS | C61: BLEOMYCIN | D61: PBS Bleo 3re | E61: 45115 | F61: 0.625 | G61: 60 | I61: 5000 | J61: 2500 | K61: 3 | L61: 10
A62: 280A | B62: ACE | C62: CL | D62: pw21 M2-2 16/7/24 (3) CL acetone | E62: 16/10/24 | F62: morning | G62: 60 | H62: sample is label edge | I62: 1200 | J62: 2500 | K62: 3 | L62: 10
A63: 10D | B63: 48DED | C63: HUMAN | D63: 48hr post digestion DED | E63: 19/02/24 | F63: 0.5 | G63: 60 | I63: 5000 | J63: 5000 | K63: 3 | L63: 50
A64: 15E | B64: 48DED | C64: HUMAN | D64: 48hr post digestion DED | E64: 19/02/24 | F64: 0.54166667 | G64: 60 | I64: 5000 | J64: 5000 | K64: 3 | L64: 50
A65: 6B | B65: 21D Hu | C65: HUMAN | D65: 21 days post PB DED | E65: 19/02/24 | F65: 0.45833333 | G65: 60 | I65: 5000 | J65: 5000 | K65: 3 | L65: 50
A66: Gels1 | B66: Gel | C66: GEL | D66: HydroGels | E66: 19/07/23 | F66: 0.54166667 | I66: 5000 | J66: 2500 | K66: 3 | L66: x
A67: 289A | B67: ACE | C67: CL | D67: pw21 F1-1 16/7/24 (6) CL ace | E67: 23/10/24 | F67: 0.375 | G67: 12 | H67: sample is label edge | I67: 1200 | J67: 2500 | K67: 3 | L67: 10
A68: 281a | B68: CL | C68: CL | D68: pw21 F2-2 16/7/24 (3) CL | E68: 23/10/24 | F68: 0.4375 | G68: 12 | H68: sample is label edge | I68: 1200 | J68: 2500 | K68: 3 | L68: 10
A69: 286a | B69: ACE | C69: CL | D69: pw21 M2-1 16/7/24 (6) CL ace | E69: 29/10/24 | F69: 0.41666667 | G69: 12 | H69: Couldn't scan
A70: 282a | B70: CL | C70: CL | D70: pw21 F1-2 16/7/24 CL (2) | E70: 29/10/24 | F70: 0.41666667 | G70: 12 | H70: Couldn't scan
A71: 271a | B71: TS | C71: AP1 | D71: T5224 F2-1 18/8/23 | E71: 29/10/24 | F71: 0.41666667 | G71: 12 | H71: Couldn't scan
A72: 273a | B72: TS | C72: AP1 | D72: T5224 F3-1 18/8/23 | E72: 29/10/24 | F72: 0.41666667 | G72: 12 | H72: central piece / label edge side | I72: 1200 | J72: 2500 | K72: 3 | L72: 10
A73: 294A | B73: CL | C73: CL | D73: Pw21 CL F1-2 16/7 5 | E73: 28/11/2024 | F73: 0.5625 | G73: 12 | H73: non label edge | I73: 1200 | J73: 2500 | K73: 3 | L73: 10
A74: 295A | B74: CL | C74: CL | D74: Pw21 CL M1-2 16/7 5 | E74: 28/11/2024 | F74: 0.64583333 | G74: 12 | H74: label edge | I74: 1200 | J74: 2500 | K74: 3 | L74: 10
A75: 298A | B75: ACE | C75: CL | D75: Pw21 Ace M1-1 16/7/24 3 | E75: 28/11/2024 | F75: 0.64583333 | G75: 12 | H75: label edge | I75: 1200 | J75: 2500 | K75: 3 | L75: 10
A76: 300A | B76: TS | C76: AP1 | D76: P10 5 2 3/10/24 T5224 | E76: 45394 | F76: 0.5625 | G76: 12 | H76: label edge | I76: 1200 | J76: 2500 | K76: 3 | L76: 10
A77: 301A | B77: TS | C77: AP1 | D77: PW10 T M1-1 3/10/24 T5224 | E77: 45394 | F77: 0.625 | G77: 12 | H77: label edge | I77: 1200 | J77: 2500 | K77: 3 | L77: 10
A78: 304A | B78: 4W | C78: BLEOMYCIN | D78: bleo 3rf 4w 2.11 (2) | E78: 45638 | F78: 0.47916667 | G78: 14 | H78: label edge | I78: 1200 | J78: 2500 | K78: 3 | L78: 10 | M78: upper dermis | N78: 5x5 grid | O78: label edge piece>upper dermis 1 | Q78: 304a upper dermis 1 labelp
A79: 304A | B79: 4W | C79: BLEOMYCIN | D79: bleo 3rf 4w 2.11 (2) | E79: 45638 | G79: 14 | H79: label edge | I79: 1200 | J79: 2500 | K79: 3 | L79: 10 | M79: test grid
A80: 304A | B80: 4W | C80: BLEOMYCIN | D80: bleo 3rf 4w 2.11 (2) | E80: 45638 | G80: 14 | H80: label edge | I80: 1200 | J80: 2500 | K80: 3 | L80: 10 | M80: upper dermis_2 | O80: label edge piece> upper dermis 2>matrix scan 01 | P80: ended early - ignore
A81: 304A | B81: 4W | C81: BLEOMYCIN | D81: bleo 3rf 4w 2.11 (2) | E81: 45638 | G81: 14 | H81: label edge | I81: 1400 | J81: 2500 | K81: 3 | L81: 10 | M81: upper dermis_2 | N81: 5x5 grid | O81: label edge piece> upper dermis 2>matrix scan 02 | Q81: 304a upper dermis 2 labelp
A82: 304A | B82: 4W | C82: BLEOMYCIN | D82: bleo 3rf 4w 2.11 (2) | E82: 45638 | G82: 14 | H82: label edge | I82: 1400 | J82: 2500 | K82: 3 | L82: 10 | M82: lower dermis | N82: 5x5 grid | O82: label edge piece> lower dermis > | Q82: 304a lower dermis 1 labelp
A83: 304A | B83: 4W | C83: BLEOMYCIN | D83: bleo 3rf 4w 2.11 (2) | E83: 45638 | G83: 14 | H83: middle piece | I83: 1400 | J83: 2500 | K83: 3 | L83: 10 | M83: upper dermis | N83: 5x5 grid | O83: middle piece>upper dermis_1 | Q83: 304a upper dermis 1 midp
A84: 304A | B84: 4W | C84: BLEOMYCIN | D84: bleo 3rf 4w 2.11 (2) | E84: 45638 | G84: 14 | H84: middle piece | I84: 1400 | J84: 2500 | K84: 3 | L84: 10 | M84: lower dermis | N84: 5x5 grid | O84: middle piece>lower dermis_1 | Q84: 304a lower dermis 1 midp
A85: 305A | B85: PBS | C85: BLEOMYCIN | D85: bleo 3rf pbs 1.1 | E85: 45638 | F85: 0.58333333 | G85: 14 | H85: label edge | I85: 1400 | J85: 2500 | K85: 3 | L85: 10 | M85: upper dermis | N85: 5x5 grid | O85: label edge piece>upper dermis_1 | Q85: 305a upper dremis 1 labelp
A86: 305A | B86: PBS | C86: BLEOMYCIN | D86: bleo 3rf pbs 1.1 | E86: 45638 | G86: 14 | H86: label edge | I86: 1400 | J86: 2500 | K86: 3 | L86: 10 | M86: lower dermis | N86: 5x5 grid | O86: label edge piece>lower dermis_1 | Q86: 305a lower dermis 1 labelp
A87: 306A | B87: 2W | C87: BLEOMYCIN | D87: bleo 3rf 2w 1.1 | E87: 45638 | F87: 0.60416667 | G87: 14 | H87: middle piece | I87: 1400 | J87: 2500 | K87: 3 | L87: 10 | M87: lower dermis | N87: 5x5 grid | O87: lower dermis_1 | Q87: 306a lower dermis_1
A88: 306A | B88: 2W | C88: BLEOMYCIN | D88: bleo 3rf 2w 1.1 | E88: 45638 | G88: 14 | H88: middle piece | I88: 1400 | J88: 2500 | K88: 3 | L88: 10 | M88: upper dermis | N88: 5x5 grid | O88: upper dermis_1 | Q88: 306a upper dermis_1
A89: 307A | B89: 4W | C89: BLEOMYCIN | D89: bleo 3r 4w 1 female | E89: 45638 | F89: 0.625 | G89: 14 | H89: middle piece | I89: 1400 | J89: 2500 | K89: 3 | L89: 10 | M89: upper dermis | N89: 5x5 grid | O89: upper dermis_1 | Q89: 307a upper dermis_1
A90: 307A | B90: 4W | C90: BLEOMYCIN | D90: bleo 3r 4w 1 female | E90: 45638 | G90: 14 | H90: middle piece | I90: 1400 | J90: 2500 | K90: 3 | L90: 10 | M90: lower dermis | N90: 5x5 grid | O90: lower dermis_1 | Q90: 307a lower dermis_1
A91: 308A | B91: PBS | C91: BLEOMYCIN | D91: bleo 3r pbs 1 female | E91: 45638 | F91: 0.65625 | G91: 14 | H91: label edge | I91: 1400 | J91: 2500 | K91: 3 | L91: 10 | M91: upper dermis | N91: 5x5 grid | O91: upper dermis_1 | Q91: 308a upper dermis_1
A92: 308A | B92: PBS | C92: BLEOMYCIN | D92: bleo 3r pbs 1 female | E92: 45638 | G92: 14 | H92: label edge | I92: 1400 | J92: 2500 | K92: 3 | L92: 10 | M92: lower dermis | N92: 5x5 grid | O92: lower dermis_1 | Q92: 308a lower dermis_1
A93: 309A | B93: PBS | C93: BLEOMYCIN | D93: bleo 5r pbs 2.1 | E93: 45638 | F93: 0.69791667 | G93: 14 | H93: label edge | I93: 1400 | J93: 2500 | K93: 3 | L93: 10 | M93: upper dermis | N93: 5x5 grid | O93: upper dermis_1 | Q93: 308a upper dermis_1
A94: 309A | B94: PBS | C94: BLEOMYCIN | D94: bleo 5r pbs 2.1 | E94: 45638 | G94: 14 | H94: label edge | I94: 1400 | J94: 2500 | K94: 3 | L94: 10 | M94: lower dermis | N94: 5x5 grid | O94: lower dermis_1 | Q94: 308a lower dermis_1
A95: 310A | B95: PBS | C95: BLEOMYCIN | D95: bleo 5r pbs 4.1 | E95: 45638 | F95: 0.71875 | G95: 14 | H95: label edge | I95: 1400 | J95: 2500 | K95: 3 | L95: 10 | M95: upper dermis | N95: 5x5 grid | O95: upper dermis_1 | Q95: 308a upper dermis_1
A96: 310A | B96: PBS | C96: BLEOMYCIN | D96: bleo 5r pbs 4.1 | E96: 45638 | G96: 14 | H96: label edge | I96: 1400 | J96: 2500 | K96: 3 | L96: 10 | M96: lower dermis | N96: 5x5 grid | O96: lower dermis_1 | Q96: 308a lower dermis_1
A97: 302A | B97: VEH | C97: AP1 | D97: Vehicle AP1 M 42FB | E97: 17/12/2024 | F97: 0.58333333 | G97: 12 | H97: label edge | I97: 1200 | J97: 2500 | K97: 3 | L97: 10 | P97: vertical
A98: 302A | B98: VEH | C98: AP1 | D98: Vehicle AP1 M 42FB | E98: 17/12/2024 | F98: 0.60416667 | G98: 12 | H98: label edge | I98: 1200 | J98: 2500 | K98: 3 | L98: 10 | P98: horizontal
A99: 303A | B99: VEH | C99: AP1 | D99: Vehicle AP1 M | E99: 17/12/2024 | F99: 0.625 | G99: 12 | H99: label edge | I99: 1200 | J99: 2500 | K99: 3 | L99: 10 | P99: vertical
A100: 303A | B100: VEH | C100: AP1 | D100: Vehicle AP1 M | E100: 17/12/2024 | F100: 0.64583333 | G100: 12 | H100: label edge | I100: 1200 | J100: 2500 | K100: 3 | L100: 10 | P100: horizontal
...

Sheet Lab book Raman
A1: Date | B1: Time | C1: Sample Number | D1: Type | E1: Thickness | F1: Sample Name | G1: Focused on | H1: Sample focus position (z) | I1: exposure time | J1: power | K1: accumulations | L1: Laser | M1: pinhole | N1: Objective | O1: Scan Type | P1: Res (x by y) | Q1: Image Name | R1: End z (Depth scan) | S1: Start z (Depth scan) | T1: Step Size (um) | U1: Number Points | V1: Time Taken | W1: Wavenumber Start | X1: Wavenumber Centre | Y1: Wavenumber End | Z1: File Name | AA1: Notes
A2: 16/10/24 | B2: 0.58333333 | C2: 34 | D2: Plain 60 | E2: 60 | F2: 60um block 3 W day 10 (no wound) female 07/10/22 | I2: 1s | J2: 1 | K2: 10 | L2: 442 | M2: OUT | N2: 20 | O2: Grid Scan | P2: 100x10 | AA2: coverslipped sample, grid scan of 2x81 pts for baseline sample
A3: 16/10/24 | B3: 0.625 | C3: 31 | D3: fixed 60um sample | E3: 60 | F3: 60um block 3 W day 10 (no wound) female 07/10/22 | I3: 1s | J3: 1 | K3: 10 | L3: 442 | M3: OUT | N3: 20 | O3: Grid Scan | P3: 100x10 | AA3: coverslipped sample, grid scan of 2x81 pts for baseline sample
A4: 16/10/24 | B4: 0.66666667 | C4: 35 | D4: Plain 30um | E4: 30 | F4: 30um block 3 W day 10 (no wound) female 07/10/22 | I4: 1s | J4: 1 | K4: 10 | L4: 442 | M4: OUT | N4: 20 | O4: Grid Scan | P4: 100x10 | AA4: no image taken, need to redo. coverslipped sample, grid scan of 2x81 pts for baseline sample
A5: 23/20/24 | B5: 0.58333333 | C5: 34 | D5: Plain 60 | E5: 60 | F5: 60um block 3 W day 10 (no wound) female 07/10/22 | I5: 1s | J5: 1 | K5: 10 | L5: 442 | M5: OUT | N5: 20 | O5: Depth Scan | Z5: GL_GL Depth Low Range (Sample) | AA5: -498um to 400um (depth scan within dermal tissue), 2um steps
A6: 23/20/24 | B6: 0.58333333 | C6: 34 | D6: Plain 60 | E6: 60 | F6: 60um block 3 W day 10 (no wound) female 07/10/22 | I6: 1s | J6: 1 | K6: 10 | L6: 442 | M6: OUT | N6: 20 | O6: Damage Test | AA6: damage scan (20 repeats at same point within dermal tissue)
A7: 23/20/24 | B7: 0.625 | C7: 34 | D7: Plain 60 | E7: 60 | F7: 60um block 3 W day 10 (no wound) female 07/10/22 | I7: 1s | J7: 1 | K7: 10 | L7: 442 | M7: OUT | N7: 20 | O7: Single Aq | Z7: GL_GL SingAq Low Range (Sample) | AA7: single point - single acquisition in dermal tissue
A8: 23/20/24 | B8: 0.625 | C8: 34 | D8: Plain 60 | E8: 60 | F8: 60um block 3 W day 10 (no wound) female 07/10/22 | I8: 1s | J8: 1 | K8: 10 | L8: 442 | M8: OUT | N8: 20 | O8: Depth Scan | Z8: GL_GL Depth Low Range (NONE) 1 | AA8: depth scan -498 to 400um 5um steps in glass region only
A9: 30/10/24 | B9: 0.45833333 | C9: 34 | D9: Plain 60 | E9: 60 | F9: 60um block 3 W day 10 (no wound) female 07/10/22 | I9: 1s | J9: 1 | K9: 10 | L9: 442 | M9: IN | N9: 20 | O9: Depth Scan | Z9: GL_GL Depth Low Range (NONE) 2 | AA9: depth scan 4um steps in glass region only (pinhole in) (low range)
A10: 30/10/24 | B10: 0.47916667 | C10: 34 | D10: Plain 60 | E10: 60 | F10: 60um block 3 W day 10 (no wound) female 07/10/22 | I10: 1s | J10: 1 | K10: 10 | L10: 442 | M10: IN | N10: 20 | O10: Depth Scan | Z10: UL_GL Depth Low Range (sample) | AA10: UL and glass depth scan 4um steps in sample region (pinhole in) (low range)
A11: 30/10/24 | B11: 0.48958333 | C11: 34 | D11: Plain 60 | E11: 60 | F11: 60um block 3 W day 10 (no wound) female 07/10/22 | G11: Sample | I11: 1s | J11: 1 | K11: 3 | L11: 442 | M11: IN | N11: 20 | O11: Depth Scan | Z11: UL_GL Depth High Range (sample) | AA11: UL and glass depth scan 4um steps in sample region (pinhole in) (high range)
A12: 45454 | B12: 0.4375 | C12: 17F | D12: TS sample | E12: 12 | F12: T5224 sample F2-2 Female 2 Wound 2 10days PW 18/8/23 | G12: Sample | H12: 2084 | I12: 1s | J12: 1 | K12: 3 | L12: 442 | M12: IN | N12: 20 | O12: Depth Scan | Q12: image_1993z_glassviewupper_glassglass // image_2084z_sampleview_glassglass //i mage_2210z_glassviewlower_glassglass | R12: 1993 | S12: 2210 | T12: 2 | U12: 110 | V12: 16 min | W12: 621 | X12: 1600 | Y12: 2436 | Z12: GL_GL_Depth Low Range (sample) 2 | AA12: Glass and glass cover slip, z scan (focused on sample)
A13: 45454 | B13: 0.44791667 | C13: 17F | D13: TS sample | E13: 12 | F13: T5224 sample F2-2 Female 2 Wound 2 10days PW 18/8/23 | G13: Glass | H13: 2100 | I13: 1s | J13: 1 | K13: 3 | L13: 442 | M13: IN | N13: 20 | O13: Depth Scan | Q13: image_2100z_sampleview_glassglass (no sample) | R13: 1992 | S13: 2210 | T13: 2 | U13: 110 | V13: 16 min | W13: 621 | X13: 1600 | Y13: 2436 | Z13: GL_GL_Depth Low Range (none) 3 | AA13: Glass and glass cover slip, z scan (focused on nothing)
A14: 45454 | B14: 0.45833333 | C14: 17F | D14: TS sample | E14: 12 | F14: T5224 sample F2-2 Female 2 Wound 2 10days PW 18/8/23 | G14: Sample | H14: 2029 | I14: 1s | J14: 1 | K14: 3 | L14: 442 | M14: IN | N14: 20 | O14: Depth Scan | Q14: image_2029z_glassviewupper_glassul // image_2029z_sampleview_glassUL // image_2237z_glassviewlower_glassul | R14: 1972 | S14: 2230 | T14: 2 | U14: 130 | V14: 19 min | W14: 621 | X14: 1600 | Y14: 2436 | Z14: GL_UL_Depth low range (sample) 2 | AA14: Glass and Ultralene, z scan (focused on sample)
A15: 45454 | B15: 0.47916667 | C15: 17F | D15: TS sample | E15: 12 | F15: T5224 sample F2-2 Female 2 Wound 2 10days PW 18/8/23 | G15: Glass | H15: 2148 | I15: 1s | J15: 1 | K15: 3 | L15: 442 | M15: IN | N15: 20 | O15: Depth Scan | Q15: image_2148z_sampleview_glassul (no sample) | R15: 1972 | S15: 2230 | T15: 2 | U15: 130 | V15: 19 min | W15: 621 | X15: 1600 | Y15: 2436 | Z15: GL_UL_Depth low range (none) 2 | AA15: Glass and ultralene, z scan (focused on nothing)
A16: 45454 | B16: 0.5 | C16: 17F | D16: TS sample | E16: 12 | F16: T5224 sample F2-2 Female 2 Wound 2 10days PW 18/8/23 | G16: Glass | H16: 2154 | I16: 1s | J16: 1 | K16: 3 | L16: 442 | M16: IN | N16: 50 | O16: Depth Scan | Q16: image_2154z_sampleview_glassglass (sample) 50 obj | R16: 2108 | S16: 2202 | T16: 2 | U16: 48 | V16: 7 min | W16: 621 | X16: 1600 | Y16: 2436 | Z16: GL_GL_Depth low range (sample) 50obj | AA16: Glass and glass cover slip, z scan (focused on sample) x50 obj
A17: 45454 | B17: 0.4375 | C17: 17F | D17: TS sample | E17: 12 | F17: T5224 sample F2-2 Female 2 Wound 2 10days PW 18/8/23 | G17: Sample | H17: unknown | I17: 1s | J17: 1 | K17: 3 | L17: 442 | M17: IN | N17: 20 | O17: Depth Scan | R17: 1980 | S17: 2220 | T17: 2 | U17: 120 | V17: 18min | W17: 621 | X17: 1600 | Y17: 2436 | Z17: GL_UL_Depth Low Range (none) 4 no pbs no sample | AA17: Glass and ultralene, z scan (focused on nothing)
A18: 28/11/2024 | B18: 0.4375 | C18: 128 | D18: Plain | E18: 500 | F18: B2 – Bleo 4R - PBSMET (4) | H18: unknown | I18: 1s | J18: 1 | K18: 4 | L18: 442 | M18: IN | N18: 20 | O18: Depth Scan | R18: -795 | S18: -48 | T18: 3 | V18: 20min | W18: 621 | X18: 1600 | Y18: 2436 | Z18: Depthscan_ULUL
A19: 28/11/2024 | B19: 0.4375 | C19: 128 | D19: Plain | E19: 500 | F19: B2 – Bleo 4R - PBSMET (4) | I19: 1s | J19: 1 | K19: 4 | L19: 442 | M19: IN | N19: 20 | O19: Depth Scan | R19: -795 | S19: -48 | T19: 3 | V19: 20min | W19: 621 | X19: 1600 | Y19: 2436 | Z19: Depthscan_ULUL2
A20: 28/11/2024 | B20: 0.4375 | C20: 171 | D20: Plain | E20: 500 | F20: B2– Bleo 2 – PBS (2) | I20: 1s | J20: 1 | K20: 4 | L20: 442 | M20: IN | N20: 20 | O20: Depth Scan | R20: -795 | S20: -48 | T20: 3 | V20: 20min | W20: 621 | X20: 1600 | Y20: 2436 | Z20: Depthscan_ULUL3
A21: 28/11/2024 | B21: 0.4375 | C21: 171 | D21: Plain | E21: 500 | F21: B2– Bleo 2 – PBS (2) | I21: 1s | J21: 1 | K21: 4 | L21: 442 | M21: IN | N21: 20 | O21: Depth Scan | R21: -1800 | S21: -606 | T21: 6 | U21: 200 | V21: 30 | W21: 621 | X21: 1600 | Y21: 2436 | Z21: Depthscan_kapton
A22: 28/11/2024 | B22: 0.4375 | C22: 171 | D22: Plain | E22: 500 | F22: B2– Bleo 2 – PBS (2) | I22: 1s | J22: 1 | K22: 4 | L22: 442 | M22: IN | N22: 20 | O22: Depth Scan | R22: -1800 | S22: -606 | T22: 6 | U22: 200 | V22: 30 | W22: 621 | X22: 1600 | Y22: 2436 | Z22: Depthscan_kapton2
A23: 17/12/24 | B23: 0.38888889 | C23: 263 | D23: Plain | E23: 60 | F23: (B) laser sample lower incision (8) | G23: Sample (?) | H23: -2000 | I23: 1s | J23: 1 | K23: 4 | L23: 442 | M23: IN | N23: 20 | O23: Depth Scan | R23: -1779 | S23: -2335 | T23: 4 | U23: 140 | V23: 21min | W23: 621 | X23: 1600 | Y23: 2436 | AA23: Ultralene-sample-ultralene
A24: 17/12/24 | B24: 0.39583333 | C24: 263 | D24: Plain | E24: 60 | F24: (B) laser sample lower incision (8) | G24: Sample (?) | H24: -2000 | I24: 1s | J24: 1 | K24: 4 | L24: 442 | M24: IN | N24: 20 | O24: Depth Scan | R24: -1779 | S24: -2335 | T24: 4 | U24: 140 | V24: 21min | W24: 621 | X24: 1600 | Y24: 2436 | AA24: Ultralene-sample-ultralene
A25: 17/12/24 | B25: 0.39930556 | C25: 263 | D25: Plain | E25: 60 | F25: (B) laser sample lower incision (8) | G25: Nothing | I25: 1s | J25: 1 | K25: 4 | L25: 442 | M25: IN | N25: 20 | O25: Depth Scan | R25: -1779 | S25: -2335 | T25: 4 | U25: 140 | V25: 21min | W25: 621 | X25: 1600 | Y25: 2436 | AA25: Ultralene-blank-ultralene
A26: 17/12/24 | B26: 0.40625 | C26: 125 | D26: Plain | E26: 500 | F26: B1 - Bleo 3R - 2w | G26: Sample (?) | I26: 1s | J26: 1 | K26: 4 | L26: 442 | M26: IN | N26: 20 | O26: Depth Scan | R26: -3068 | S26: -2600 | T26: 4 | U26: 140 | V26: 21min | W26: 621 | X26: 1600 | Y26: 2436 | AA26: kapton-sample-kapton
A27: 17/12/24 | B27: 0.41666667 | C27: 125 | D27: Plain | E27: 500 | F27: B1 - Bleo 3R - 2w | G27: Sample (?) | I27: 1s | J27: 1 | K27: 4 | L27: 442 | M27: IN | N27: 20 | O27: Depth Scan | R27: -3068 | S27: -2600 | T27: 4 | U27: 140 | V27: 21min | W27: 621 | X27: 1600 | Y27: 2436 | AA27: kapton-sample-kapton
A28: 17/12/24 | B28: 0.43402778 | C28: 125 | D28: Plain | E28: 500 | F28: B1 - Bleo 3R - 2w | G28: Nothing | I28: 1s | J28: 1 | K28: 4 | L28: 442 | M28: IN | N28: 20 | O28: Depth Scan | R28: -3068 | S28: -2600 | T28: 4 | U28: 140 | V28: 21min | W28: 621 | X28: 1600 | Y28: 2436 | AA28: kapton-blank-kapton
A29: 17/12/24 | B29: 0.44791667 | C29: 256 | D29: Plain | E29: 60 | F29: (B) laser sample lower incision (8) | G29: Sample (?) | I29: 1s | J29: 1 | K29: 4 | L29: 442 | M29: IN | N29: 20 | O29: Depth Scan | R29: -2800 | S29: -2244 | T29: 4 | U29: 140 | V29: 21min | W29: 621 | X29: 1600 | Y29: 2436 | AA29: kapton-sample-kapton
A30: 17/12/24 | B30: 0.45833333 | C30: 256 | D30: Plain | E30: 60 | F30: (B) laser sample lower incision (8) | G30: Nothing | I30: 1s | J30: 1 | K30: 4 | L30: 442 | M30: IN | N30: 20 | O30: Depth Scan | R30: -2800 | S30: -2244 | T30: 4 | U30: 140 | V30: 21min | W30: 621 | X30: 1600 | Y30: 2436 | AA30: kapton-blank-kapton
A31: 17/12/24 | B31: 0.46875 | C31: 131 | D31: Plain | E31: 500 | F31: B3 - Bleo 4 - PBSMET (R24 07) | G31: Sample (?) | I31: 1s | J31: 1 | K31: 4 | L31: 442 | M31: IN | N31: 20 | O31: Depth Scan | R31: -2580 | S31: -3200 | T31: 4 | U31: 150 | V31: 25min | W31: 621 | X31: 1600 | Y31: 2436 | AA31: Ultralene-sample-ultralene
A32: 17/12/24 | B32: 0.47916667 | C32: 131 | D32: Plain | E32: 500 | F32: B3 - Bleo 4 - PBSMET (R24 07) | G32: Nothing | I32: 1s | J32: 1 | K32: 4 | L32: 442 | M32: IN | N32: 20 | O32: Depth Scan | R32: -2580 | S32: -3200 | T32: 4 | U32: 150 | V32: 25min | W32: 621 | X32: 1600 | Y32: 2436 | AA32: Ultralene-blank-ultralene
A33: 17/12/24 | B33: 0.48958333 | C33: 131 | D33: Plain | E33: 500 | F33: B3 - Bleo 4 - PBSMET (R24 07) | G33: Sample (?) | I33: 1s | J33: 1 | K33: 4 | L33: 442 | M33: IN | N33: 20 | O33: Depth Scan | R33: -2580 | S33: -3200 | T33: 4 | U33: 150 | V33: 25min | W33: 621 | X33: 1600 | Y33: 2436 | AA33: Ultralene-sample-ultralene
A34: 29/01/25 | B34: 0.60416667 | D34: Plain | E34: 12 | I34: 1s | J34: 1 | K34: 10 | L34: 442 | M34: OUT | N34: 20 | O34: line scan | Z34: line scan1
A35: 29/01/25 | B35: 0.60416667 | D35: Plain | E35: 12 | I35: 1s | J35: 1 | K35: 10 | L35: 442 | M35: OUT | N35: 20 | O35: line scan | Z35: line scan 1 extended
A36: 29/01/25 | B36: 0.60416667 | D36: Plain | E36: 12 | I36: 1s | J36: 1 | K36: 10 | L36: 442 | M36: OUT | N36: 20 | O36: Grid Scan | Z36: grid lower dermis
A37: 29/01/25 | B37: 0.60416667 | D37: Plain | E37: 12 | I37: 1s | J37: 1 | K37: 10 | L37: 442 | M37: OUT | N37: 20 | O37: Grid Scan | Z37: grid lower dermis extended
A38: 29/01/25 | B38: 0.60416667 | D38: Plain | E38: 12 | I38: 1s | J38: 1 | K38: 10 | L38: 442 | M38: OUT | N38: 20 | O38: Grid Scan | Z38: grid upper dermis
A39: 29/01/25 | B39: 0.60416667 | D39: Plain | E39: 12 | I39: 1s | J39: 1 | K39: 10 | L39: 442 | M39: OUT | N39: 20 | O39: Grid Scan | Z39: grid upper dermis extended
A40: 29/01/25 | B40: 0.60416667 | D40: Plain | E40: 12 | I40: 1s | J40: 1 | K40: 10 | L40: 442 | M40: OUT | N40: 20 | O40: Grid Scan | Z40: d10 outside WB grid
A41: 29/01/25 | B41: 0.60416667 | D41: Plain | E41: 12 | I41: 1s | J41: 1 | K41: 10 | L41: 442 | M41: OUT | N41: 20 | O41: Grid Scan | Z41: d10 outside WB grid extended
A42: 29/01/25 | B42: 0.60416667 | D42: Plain | E42: 12 | I42: 1s | J42: 1 | K42: 10 | L42: 442 | M42: OUT | N42: 20 | O42: Grid Scan | Z42: d10 WB centre grid
A43: 29/01/25 | B43: 0.60416667 | D43: Plain | E43: 12 | I43: 1s | J43: 1 | K43: 10 | L43: 442 | M43: OUT | N43: 20 | O43: Grid Scan | Z43: d10 WB centre grid extended
A44: 29/01/25 | B44: 0.60416667 | D44: Plain | E44: 12 | I44: 1s | J44: 1 | K44: 10 | L44: 442 | M44: OUT | N44: 20 | O44: Grid Scan | Z44: d10 WB edge grid
A45: 29/01/25 | B45: 0.60416667 | D45: Plain | E45: 12 | I45: 1s | J45: 1 | K45: 10 | L45: 442 | M45: OUT | N45: 20 | O45: Grid Scan | Z45: d10 WB edge grid extended
... A47: 29/01/25 | B47: 0.60416667 | D47: d10 | E47: 12 | I47: 1s | J47: 1 | K47: 10 | L47: 442 | M47: OUT | N47: 20 | O47: Grid Scan | Z47: d10 WB top grid extended
A48: 29/01/25 | B48: 0.60416667 | D48: d10 | E48: 12
A49: 29/01/25 | B49: 0.60416667 | D49: d10 | E49: 12
A50: 29/01/25 | B50: 0.60416667 | D50: d10 | E50: 12
A51: 29/01/25 | B51: 0.60416667 | D51: d10 | E51: 12
A52: 29/01/25 | B52: 0.60416667 | D52: d10 | E52: 12
A53: 29/01/25 | B53: 0.60416667 | D53: d10 | E53: 12
A54: 29/01/25 | B54: 0.60416667 | D54: d10 | E54: 12
A55: 29/01/25 | B55: 0.60416667 | D55: d10 | E55: 12
A56: 29/01/25 | B56: 0.60416667 | D56: d10 | E56: 12
A57: 29/01/25 | B57: 0.60416667 | D57: d10 | E57: 12
A58: 45779 | B58: 0.60416667 | D58: d21 | E58: 12 | I58: 1s | J58: 1 | K58: 10 | L58: 442 | M58: IN | N58: 20 | O58: Grid Scan | W58: 621 | X58: 1600 | Y58: 2436 | Z58: d21 WB centre grid
A59: 45779 | B59: 0.61597222 | D59: d21 | E59: 12 | I59: 1s | J59: 1 | K59: 10 | L59: 442 | M59: IN | N59: 20 | O59: Grid Scan | W59: 1948 | X59: 2800 | Y59: 3531 | Z59: d21 WB centre grid extended
A60: 45779 | B60: 0.62083333 | D60: d21 | E60: 12 | I60: 1s | J60: 1 | K60: 10 | L60: 442 | M60: IN | N60: 20 | O60: Grid Scan | W60: 621 | X60: 1600 | Y60: 2436 | Z60: d21 upper dermis grid
A61: 45779 | B61: 0.625 | D61: d21 | E61: 12 | I61: 1s | J61: 1 | K61: 10 | L61: 442 | M61: IN | N61: 20 | O61: Grid Scan | W61: 1948 | X61: 2800 | Y61: 3531 | Z61: d21 upper dermis grid extended
A62: 45779 | B62: 0.63194444 | D62: d21 | E62: 12 | I62: 1s | J62: 1 | K62: 10 | L62: 442 | M62: IN | N62: 20 | O62: Grid Scan | W62: 621 | X62: 1600 | Y62: 2436 | Z62: d21 outside WB grid
A63: 45779 | B63: 0.63611111 | D63: d21 | E63: 12 | I63: 1s | J63: 1 | K63: 10 | L63: 442 | M63: IN | N63: 20 | O63: Grid Scan | W63: 1948 | X63: 2800 | Y63: 3531 | Z63: d21 outside WB grid extended
A64: 45779 | B64: 0.64444444 | D64: d21 | E64: 12 | I64: 1s | J64: 1 | K64: 10 | L64: 442 | M64: IN | N64: 20 | O64: Depth Scan | W64: 621 | X64: 1600 | Y64: 2436 | Z64: d21 WB Centre depth scan
A65: 45779 | B65: 0.64930556 | D65: d21 | E65: 12 | I65: 1s | J65: 1 | K65: 10 | L65: 442 | M65: IN | N65: 20 | O65: Depth Scan | W65: 621 | X65: 1600 | Y65: 2436 | Z65: d21 WB Outside depth scan
A66: 45779 | B66: 0.65833333 | D66: d21 | E66: 12 | I66: 1s | J66: 1 | K66: 10 | L66: 442 | M66: IN | N66: 20 | O66: line scan | W66: 621 | X66: 1600 | Y66: 2436 | Z66: d21 WB centre line scan
A67: 45750 | B67: 0.61111111 | C67: 280 | D67: acetone d21 wb | E67: 12 | F67: pw21 M2-2 16/7/24 (3) CL acetone | I67: 1s | J67: 1 | K67: 10 | L67: 442 | M67: IN | N67: 20 | O67: line scan | T67: 5 | W67: 621 | X67: 1600 | Y67: 2436 | Z67: line scan1 | AB67: 32413 | AC67: 32553 | AD67: =AC67-AB67 -> 140 | AE67: 8332 | AF67: 8436 | AG67: =AF67-AE67 -> 104 | AH67: line scan 1
A68: 45750 | B68: 0.61805556 | C68: 280 | D68: acetone d21 wb | E68: 12 | F68: pw21 M2-2 16/7/24 (3) CL acetone | I68: 1s | J68: 1 | K68: 10 | L68: 442 | M68: IN | N68: 20 | O68: line scan | T68: 5 | W68: 1948 | X68: 2800 | Y68: 3531 | Z68: line scan1 extended | AB68: 32572 | AC68: 32428 | AD68: =AC68-AB68 -> -144 | AE68: 8415 | AF68: 8296 | AG68: =AF68-AE68 -> -119 | AH68: line scan 2
A69: 45750 | B69: 0.625 | C69: 280 | D69: acetone d21 wb | E69: 12 | F69: pw21 M2-2 16/7/24 (3) CL acetone | I69: 1s | J69: 1 | K69: 10 | L69: 442 | M69: IN | N69: 20 | O69: line scan | T69: 5 | W69: 621 | X69: 1600 | Y69: 2436 | Z69: line scan 2 | AB69: 32384 | AC69: 32521 | AD69: =AC69-AB69 -> 137 | AE69: 8369 | AF69: 8467 | AG69: =AF69-AE69 -> 98 | AH69: line scan 3
A70: 45750 | B70: 0.63194444 | C70: 280 | D70: acetone d21 wb | E70: 12 | F70: pw21 M2-2 16/7/24 (3) CL acetone | I70: 1s | J70: 1 | K70: 10 | L70: 442 | M70: IN | N70: 20 | O70: line scan | T70: 5 | W70: 1948 | X70: 2800 | Y70: 3531 | Z70: line scan 2 extended
A71: 45750 | B71: 0.63888889 | C71: 280 | D71: acetone d21 wb | E71: 12 | F71: pw21 M2-2 16/7/24 (3) CL acetone | I71: 1s | J71: 1 | K71: 10 | L71: 442 | M71: IN | N71: 20 | O71: line scan | T71: 5 | W71: 621 | X71: 1600 | Y71: 2436 | Z71: line scan 3 extended
A72: 45750 | B72: 0.64583333 | C72: 280 | D72: acetone d21 wb | E72: 12 | F72: pw21 M2-2 16/7/24 (3) CL acetone | I72: 1s | J72: 1 | K72: 10 | L72: 442 | M72: IN | N72: 20 | O72: line scan | T72: 5 | W72: 1948 | X72: 2800 | Y72: 3531 | Z72: line scan 3
A73: 45750 | B73: 0.65277778 | C73: 279 | D73: acetone d21 wb | E73: 12 | F73: pw21 F1-2 16/7/24 (2) CL ace | I73: 1s | J73: 1 | K73: 10 | L73: 442 | M73: IN | N73: 20 | O73: line scan | T73: 5 | W73: 621 | X73: 1600 | Y73: 2436 | Z73: line scan1 | AB73: 32787 | AC73: 32925 | AD73: =AC73-AB73 -> 138 | AE73: 9918 | AF73: 10060 | AG73: =AF73-AE73 -> 142
A74: 45750 | B74: 0.65972222 | C74: 279 | D74: acetone d21 wb | E74: 12 | F74: pw21 F1-2 16/7/24 (2) CL ace | I74: 1s | J74: 1 | K74: 10 | L74: 442 | M74: IN | N74: 20 | O74: line scan | T74: 5 | W74: 1948 | X74: 2800 | Y74: 3531 | Z74: line scan1 extended | AB74: 32898 | AC74: 32739 | AD74: =AC74-AB74 -> -159 | AE74: 10095 | AF74: 9957 | AG74: =AF74-AE74 -> -138
A75: 45750 | B75: 0.66666667 | C75: 279 | D75: acetone d21 wb | E75: 12 | F75: pw21 F1-2 16/7/24 (2) CL ace | I75: 1s | J75: 1 | K75: 10 | L75: 442 | M75: IN | N75: 20 | O75: line scan | T75: 5 | W75: 621 | X75: 1600 | Y75: 2436 | Z75: line scan 2 | AB75: 32824 | AC75: 32971 | AD75: =AC75-AB75 -> 147 | AE75: 9903 | AF75: 11024 | AG75: =AF75-AE75 -> 1121
A76: 45750 | B76: 0.67361111 | C76: 279 | D76: acetone d21 wb | E76: 12 | F76: pw21 F1-2 16/7/24 (2) CL ace | I76: 1s | J76: 1 | K76: 10 | L76: 442 | M76: IN | N76: 20 | O76: line scan | T76: 5 | W76: 1948 | X76: 2800 | Y76: 3531 | Z76: line scan 2 extended
A77: 45750 | B77: 0.68055556 | C77: 279 | D77: acetone d21 wb | E77: 12 | F77: pw21 F1-2 16/7/24 (2) CL ace | I77: 1s | J77: 1 | K77: 5 | L77: 442 | M77: IN | N77: 20 | O77: line scan | T77: 5 | W77: 621 | X77: 1600 | Y77: 2436 | Z77: line scan 3 extended
A78: 45750 | B78: 0.6875 | C78: 279 | D78: acetone d21 wb | E78: 12 | F78: pw21 F1-2 16/7/24 (2) CL ace | I78: 1s | J78: 1 | K78: 5 | L78: 442 | M78: IN | N78: 20 | O78: line scan | T78: 5 | W78: 1948 | X78: 2800 | Y78: 3531 | Z78: line scan 3
A79: 45750 | B79: 0.69097222 | C79: 289 | D79: acetone d21 wb | E79: 12 | F79: pw21 F1-1 16/7/24 (6) CL ace | I79: 1s | J79: 1 | K79: 5 | L79: 442 | M79: IN | N79: 20 | O79: line scan | T79: 5 | W79: 621 | X79: 1600 | Y79: 2436 | Z79: line scan1 | AB79: 30497 | AC79: 30637 | AD79: =AC79-AB79 -> 140 | AE79: 9862 | AF79: 9965 | AG79: =AF79-AE79 -> 103
A80: 45750 | B80: 0.69444444 | C80: 289 | D80: acetone d21 wb | E80: 12 | F80: pw21 F1-1 16/7/24 (6) CL ace | I80: 1s | J80: 1 | K80: 5 | L80: 442 | M80: IN | N80: 20 | O80: line scan | T80: 5 | W80: 1948 | X80: 2800 | Y80: 3531 | Z80: line scan1 extended
A81: 45750 | B81: 0.69791667 | C81: 289 | D81: acetone d21 wb | E81: 12 | F81: pw21 F1-1 16/7/24 (6) CL ace | I81: 1s | J81: 1 | K81: 5 | L81: 442 | M81: IN | N81: 20 | O81: line scan | T81: 5 | W81: 621 | X81: 1600 | Y81: 2436 | Z81: line scan 2
A82: 45750 | B82: 0.70138889 | C82: 289 | D82: acetone d21 wb | E82: 12 | F82: pw21 F1-1 16/7/24 (6) CL ace | I82: 1s | J82: 1 | K82: 5 | L82: 442 | M82: IN | N82: 20 | O82: line scan | T82: 5 | W82: 1948 | X82: 2800 | Y82: 3531 | Z82: line scan 2 extended
A83: 45750 | B83: 0.70486111 | C83: 289 | D83: acetone d21 wb | E83: 12 | F83: pw21 F1-1 16/7/24 (6) CL ace | I83: 1s | J83: 1 | K83: 5 | L83: 442 | M83: IN | N83: 20 | O83: line scan | T83: 5 | W83: 621 | X83: 1600 | Y83: 2436 | Z83: line scan 3 extended
A84: 45750 | B84: 0.70833333 | C84: 289 | D84: acetone d21 wb | E84: 12 | F84: pw21 F1-1 16/7/24 (6) CL ace | I84: 1s | J84: 1 | K84: 5 | L84: 442 | M84: IN | N84: 20 | O84: line scan | T84: 5 | W84: 1948 | X84: 2800 | Y84: 3531 | Z84: line scan 3
A85: 45750 | B85: 0.71875 | C85: 286 | D85: acetone d21 wb | E85: 12 | F85: pw21 M2-1 16/7/24 (6) CL ace | I85: 1s | J85: 1 | K85: 5 | L85: 442 | M85: IN | N85: 20 | O85: line scan | T85: 5 | W85: 621 | X85: 1600 | Y85: 2436 | Z85: line scan1 | AB85: 32837 | AC85: 32917 | AD85: =AC85-AB85 -> 80 | AE85: 8413 | AF85: 8495 | AG85: =AF85-AE85 -> 82
A86: 45750 | B86: 0.72222222 | C86: 286 | D86: acetone d21 wb | E86: 12 | F86: pw21 M2-1 16/7/24 (6) CL ace | I86: 1s | J86: 1 | K86: 5 | L86: 442 | M86: IN | N86: 20 | O86: line scan | T86: 5 | W86: 1948 | X86: 2800 | Y86: 3531 | Z86: line scan1 extended
A87: 45750 | B87: 0.72569444 | C87: 286 | D87: acetone d21 wb | E87: 12 | F87: pw21 M2-1 16/7/24 (6) CL ace | I87: 1s | J87: 1 | K87: 5 | L87: 442 | M87: IN | N87: 20 | O87: line scan | T87: 5 | W87: 621 | X87: 1600 | Y87: 2436 | Z87: line scan 2
A88: 45750 | B88: 0.72916667 | C88: 286 | D88: acetone d21 wb | E88: 12 | F88: pw21 M2-1 16/7/24 (6) CL ace | I88: 1s | J88: 1 | K88: 5 | L88: 442 | M88: IN | N88: 20 | O88: line scan | T88: 5 | W88: 1948 | X88: 2800 | Y88: 3531 | Z88: line scan 2 extended
A89: 45750 | B89: 0.73263889 | C89: 286 | D89: acetone d21 wb | E89: 12 | F89: pw21 M2-1 16/7/24 (6) CL ace | I89: 1s | J89: 1 | K89: 5 | L89: 442 | M89: IN | N89: 20 | O89: line scan | T89: 5 | W89: 621 | X89: 1600 | Y89: 2436 | Z89: line scan 3 extended
A90: 45750 | B90: 0.73611111 | C90: 286 | D90: acetone d21 wb | E90: 12 | F90: pw21 M2-1 16/7/24 (6) CL ace | I90: 1s | J90: 1 | K90: 5 | L90: 442 | M90: IN | N90: 20 | O90: line scan | T90: 5 | W90: 1948 | X90: 2800 | Y90: 3531 | Z90: line scan 3
A91: 13/03/25 | B91: 0.59375 | C91: 278 | D91: CL d21 wb | E91: 12 | F91: pw21 F1-1 16/7/24 (7) CL | I91: 1s | J91: 1 | K91: 5 | L91: 442 | M91: IN | N91: 20 | O91: line scan | T91: 5 | W91: 621 | X91: 1600 | Y91: 2436 | Z91: line scan1 | AB91: 28530 | AC91: 29164 | AD91: =AC91-AB91 -> 634 | AE91: 2829 | AF91: 3394 | AG91: =AF91-AE91 -> 565
A92: 13/03/25 | B92: 0.60416667 | C92: 278 | D92: CL d21 wb | E92: 12 | F92: pw21 F1-1 16/7/24 (7) CL | I92: 1s | J92: 1 | K92: 5 | L92: 442 | M92: IN | N92: 20 | O92: line scan | T92: 5 | W92: 1948 | X92: 2800 | Y92: 3531 | Z92: line scan1 extended
A93: 13/03/25 | B93: 0.61458333 | C93: 285 | D93: CL d21 wb | E93: 12 | F93: pw21 M2-1 16/7/24 (5) CL | I93: 1s | J93: 1 | K93: 5 | L93: 442 | M93: IN | N93: 20 | O93: line scan | T93: 5 | W93: 621 | X93: 1600 | Y93: 2436 | Z93: line scan1 | AB93: 6256 | AC93: 6563 | AD93: =AC93-AB93 -> 307 | AE93: 5355 | AF93: 5729 | AG93: =AF93-AE93 -> 374
A94: 13/03/25 | B94: 0.625 | C94: 285 | D94: CL d21 wb | E94: 12 | F94: pw21 M2-1 16/7/24 (5) CL | I94: 1s | J94: 1 | K94: 5 | L94: 442 | M94: IN | N94: 20 | O94: line scan | T94: 5 | W94: 1948 | X94: 2800 | Y94: 3531 | Z94: line scan1 extended
A95: 18/03/25 | B95: 0.60416667 | C95: 281 | D95: CL d21 wb | E95: 12 | F95: pw21 F2-2 16/7/24 (3) CL | I95: 1s | J95: 1 | K95: 5 | L95: 442 | M95: IN | N95: 20 | O95: line scan | T95: 5 | W95: 621 | X95: 1600 | Y95: 2436 | Z95: line scan1 | AB95: 30299 | AC95: 30935 | AD95: =AC95-AB95 -> 636 | AE95: 4080 | AF95: 3543 | AG95: =AF95-AE95 -> -537
A96: 18/03/25 | B96: 0.61458333 | C96: 281 | D96: CL d21 wb | E96: 12 | F96: pw21 F2-2 16/7/24 (3) CL | I96: 1s | J96: 1 | K96: 5 | L96: 442 | M96: IN | N96: 20 | O96: line scan | T96: 5 | W96: 1948 | X96: 2800 | Y96: 3531 | Z96: line scan1 extended | AG96: =AF96-AE96 -> 0
A97: 18/03/25 | B97: 0.625 | C97: 270 | D97: VH d10 wb | E97: 12 | F97: Vehicle ap1 1P 10/03/23 (1) | I97: 1s | J97: 1 | K97: 5 | L97: 442 | M97: IN | N97: 20 | O97: line scan | T97: 5 | W97: 621 | X97: 1600 | Y97: 2436 | Z97: line scan1 | AB97: 12530 | AC97: 13567 | AD97: =AC97-AB97 -> 1037 | AE97: 10620 | AF97: 9955 | AG97: =AF97-AE97 -> -665
A98: 18/03/25 | B98: 0.63888889 | C98: 270 | D98: VH d10 wb | E98: 12 | F98: Vehicle ap1 1P 10/03/23 (1) | I98: 1s | J98: 1 | K98: 5 | L98: 442 | M98: IN | N98: 20 | O98: line scan | T98: 5 | W98: 1948 | X98: 2800 | Y98: 3531 | Z98: line scan1 extended
A99: 18/03/25 | B99: 0.65277778 | C99: 275 | D99: VH d10 wb | E99: 12 | F99: Vehicle ap1 F1-1 18/8/23 | I99: 1s | J99: 1 | K99: 5 | L99: 442 | M99: IN | N99: 20 | O99: line scan | T99: 5 | W99: 621 | X99: 1600 | Y99: 2436 | Z99: line scan1 | AB99: 27269 | AC99: 26556 | AD99: =AC99-AB99 -> -713 | AE99: 4847 | AF99: 4847 | AG99: =AF99-AE99 -> 0
A100: 18/03/25 | B100: 0.66666667 | C100: 275 | D100: VH d10 wb | E100: 12 | F100: Vehicle ap1 F1-1 18/8/23 | I100: 1s | J100: 1 | K100: 5 | L100: 442 | M100: IN | N100: 20 | O100: line scan | T100: 5 | W100: 1948 | X100: 2800 | Y100: 3531 | Z100: line scan1 extended
A101: 18/03/25 | B101: 0.70138889 | C101: 302 | D101: VH d10 wb | E101: 12 | F101: Vehicle AP1 M 42FB | I101: 1s | J101: 1 | K101: 5 | L101: 442 | M101: IN | N101: 20 | O101: line scan | T101: 5 | W101: 621 | X101: 1600 | Y101: 2436 | Z101: line scan1 | AB101: 43952 | AC101: 45116 | AD101: =AC101-AB101 -> 1164 | AE101: 5902 | AF101: 5837 | AG101: =AF101-AE101 -> -65
...

Sheet SAXS Master Manifest
A1: Scan No. | B1: End No. | C1: Date | D1: Type | E1: Subtype | F1: Eppendorf | G1: X-number | H1: Y-number | I1: no points | J1: IQRED | K1: ICHI RED | L1: IQFIT | M1: ICHIFIT | N1: Heatmap | O1: Good | P1: REDUCTION | Q1: FITTING | R1: HEATMAP | S1: REDUCTION | T1: FITTING | U1: HEATMAP
A2: 692797 | C2: 45861 | D2: Day 10 | E2: Wound | F2: 104 | G2: 101 | H2: 56 | I2: =G2*H2 -> 5656 | J2: Y | K2: Y | L2: Y | M2: Y | N2: Y | O2: Y | P2: =($S$2/$T$3) -> 0.91959799 | Q2: =($T$2/$T$3) -> 0.86934673 | R2: =($U$2/$T$3) -> 0.53266332 | S2: =COUNTIF(K2:K200, "<>") -> 183 | T2: =COUNTIF(M2:M200, "<>") -> 173 | U2: =COUNTIF(N2:N200, "<>") -> 106
A3: 692822 | C3: 45861 | D3: Day 10 | E3: Wound | F3: 107 | G3: 98 | H3: 68 | I3: 6664 | J3: Y | K3: Y | L3: Y | M3: Y | N3: Y | O3: Y | P3: =($S$2/$T$3) -> 0.91959799 | Q3: =($T$2/$T$3) -> 0.86934673 | R3: =($U$2/$T$3) -> 0.53266332 | T3: =COUNTIF(A2:A200, "<>") -> 199
A4: 692824 | C4: 45861 | D4: Day 10 | E4: Wound | F4: 106 | G4: 105 | H4: 63 | I4: 6615 | J4: Y | K4: Y | L4: Y | M4: Y | N4: Y | O4: Y | P4: =($S$2/$T$3) -> 0.91959799 | Q4: =($T$2/$T$3) -> 0.86934673 | R4: =($U$2/$T$3) -> 0.53266332
A5: 753760 | C5: 45801 | D5: T5224 Day 10 | E5: AP1 | F5: 302 | G5: 59 | H5: 155 | I5: 9157 | J5: Y | K5: Y | L5: Y | M5: Y | N5: Y | O5: no wound | P5: =($S$2/$T$3) -> 0.91959799 | Q5: =($T$2/$T$3) -> 0.86934673 | R5: =($U$2/$T$3) -> 0.53266332
A6: 753764 | C6: 45801 | D6: Vehicle Day 10 | E6: AP1 | F6: 303 | G6: 37 | H6: 19 | I6: 725 | J6: Y | K6: Y | L6: Y | M6: Y | N6: Y | O6: no wound | P6: =($S$2/$T$3) -> 0.91959799 | Q6: =($T$2/$T$3) -> 0.86934673 | R6: =($U$2/$T$3) -> 0.53266332
A7: 753766 | C7: 45801 | D7: Vehicle Day 10 | E7: AP1 | F7: 303 | G7: 71 | H7: 57 | I7: 4058 | J7: Y | K7: Y | L7: Y | M7: Y | N7: Y | O7: spot over wound? | P7: =($S$2/$T$3) -> 0.91959799 | Q7: =($T$2/$T$3) -> 0.86934673 | R7: =($U$2/$T$3) -> 0.53266332
A8: 753767 | C8: 45801 | D8: T5224 Day 10 | E8: AP1 | F8: 304 | G8: 77 | H8: 71 | I8: 5457 | J8: Y | K8: Y | L8: Y | M8: Y | N8: Y | O8: no wound | P8: =($S$2/$T$3) -> 0.91959799 | Q8: =($T$2/$T$3) -> 0.86934673 | R8: =($U$2/$T$3) -> 0.53266332
A9: 753768 | C9: 45801 | D9: T5224 Day 10 | E9: AP1 | F9: 306 | G9: 74 | H9: 57 | I9: 4243 | J9: Y | K9: Y | L9: Y | M9: Y | N9: Y | O9: Y | P9: =($S$2/$T$3) -> 0.91959799 | Q9: =($T$2/$T$3) -> 0.86934673 | R9: =($U$2/$T$3) -> 0.53266332
A10: 753775 | C10: 45801 | D10: Vehicle Day 10 | E10: AP1 | F10: 307 | G10: 94 | H10: 57 | I10: 5365 | J10: Y | K10: Y | L10: Y | M10: Y | N10: Y | O10: no wound | P10: =($S$2/$T$3) -> 0.91959799 | Q10: =($T$2/$T$3) -> 0.86934673 | R10: =($U$2/$T$3) -> 0.53266332
A11: 753774 | C11: 45801 | D11: Vehicle Day 10 | E11: AP1 | F11: 309 | G11: 59 | H11: 55 | I11: 3208 | J11: Y | K11: Y | L11: Y | M11: Y | N11: Y | O11: Y | P11: =($S$2/$T$3) -> 0.91959799 | Q11: =($T$2/$T$3) -> 0.86934673 | R11: =($U$2/$T$3) -> 0.53266332
A12: 753770 | C12: 45801 | D12: Vehicle Day 10 | E12: AP1 | F12: 310 | G12: 51 | H12: 70 | I12: 3541 | J12: Y | K12: Y | L12: Y | M12: Y | N12: Y | O12: Y | P12: =($S$2/$T$3) -> 0.91959799 | Q12: =($T$2/$T$3) -> 0.86934673 | R12: =($U$2/$T$3) -> 0.53266332
A13: 753771 | C13: 45801 | D13: Vehicle Day 10 | E13: AP1 | F13: 310 | G13: 20 | H13: 28 | I13: 567 | J13: Y | K13: Y | L13: Y | M13: Y | N13: Y | O13: no wound | P13: =($S$2/$T$3) -> 0.91959799 | Q13: =($T$2/$T$3) -> 0.86934673 | R13: =($U$2/$T$3) -> 0.53266332
A14: 753772 | C14: 45801 | D14: Vehicle Day 10 | E14: AP1 | F14: 310 | G14: 20 | H14: 28 | I14: 567 | J14: Y | K14: Y | L14: Y | M14: Y | N14: Y | O14: no wound | P14: =($S$2/$T$3) -> 0.91959799 | Q14: =($T$2/$T$3) -> 0.86934673 | R14: =($U$2/$T$3) -> 0.53266332
A15: 753773 | C15: 45801 | D15: Vehicle Day 10 | E15: AP1 | F15: 310 | G15: 51 | H15: 17 | I15: 859 | J15: Y | K15: Y | L15: Y | M15: Y | N15: Y | O15: no wound | P15: =($S$2/$T$3) -> 0.91959799 | Q15: =($T$2/$T$3) -> 0.86934673 | R15: =($U$2/$T$3) -> 0.53266332
... A22: 692823 | C22: 45861 | D22: Day 14 | E22: Wound | F22: 97 | G22: 71 | H22: 86 | I22: 6106 | J22: Y | K22: Y | L22: Y | M22: Y | N22: Y | O22: Y | P22: =($S$2/$T$3) -> 0.91959799 | Q22: =($T$2/$T$3) -> 0.86934673 | R22: =($U$2/$T$3) -> 0.53266332
A23: 692834 | C23: 45861 | D23: Day 14 | E23: Wound | F23: 96 | G23: 101 | H23: 55 | I23: =G23*H23 -> 5555 | J23: Y | K23: Y | L23: Y | M23: Y | N23: Y | P23: =($S$2/$T$3) -> 0.91959799 | Q23: =($T$2/$T$3) -> 0.86934673 | R23: =($U$2/$T$3) -> 0.53266332
A24: 725637 | B24: ? | C24: 46014 | D24: Day 14 | E24: Wound | F24: 157 | G24: 60 | H24: 105 | I24: 6300 | N24: Y | O24: no end point | P24: =($S$2/$T$3) -> 0.91959799 | Q24: =($T$2/$T$3) -> 0.86934673 | R24: =($U$2/$T$3) -> 0.53266332
A25: 753780 | C25: 45801 | D25: Day 14 | E25: Wound | F25: 322 | G25: 23 | H25: 15 | I25: =G25*H25 -> 345 | J25: Y | K25: Y | L25: Y | M25: Y | N25: Y | O25: no sample | P25: =($S$2/$T$3) -> 0.91959799 | Q25: =($T$2/$T$3) -> 0.86934673 | R25: =($U$2/$T$3) -> 0.53266332
A26: 753781 | C26: 45801 | D26: Day 14 | E26: Wound | F26: 322 | G26: 63 | H26: 124 | I26: 7738 | J26: Y | K26: Y | L26: Y | M26: Y | N26: Y | O26: wonky | P26: =($S$2/$T$3) -> 0.91959799 | Q26: =($T$2/$T$3) -> 0.86934673 | R26: =($U$2/$T$3) -> 0.53266332
A27: 753782 | C27: 45801 | D27: Day 14 | E27: Wound | F27: 98 SAXS | G27: 30 | H27: 33 | I27: 985 | J27: Y | K27: Y | L27: Y | M27: Y | N27: Y | O27: no sample | P27: =($S$2/$T$3) -> 0.91959799 | Q27: =($T$2/$T$3) -> 0.86934673 | R27: =($U$2/$T$3) -> 0.53266332
A28: 753783 | C28: 45801 | D28: Day 14 | E28: Wound | F28: 98 SAXS | G28: 63 | H28: 140 | I28: 8750 | J28: Y | K28: Y | L28: Y | M28: Y | N28: Y | O28: Y | P28: =($S$2/$T$3) -> 0.91959799 | Q28: =($T$2/$T$3) -> 0.86934673 | R28: =($U$2/$T$3) -> 0.53266332
A29: 725396 | B29: 725488 | C29: 46014 | D29: Day 21 | E29: Wound | F29: 163 | G29: 55 | H29: 92.5 | I29: 5087.5 | J29: Y | K29: Y | M29: Y | N29: Y | O29: not sure where wound is | P29: =($S$2/$T$3) -> 0.91959799 | Q29: =($T$2/$T$3) -> 0.86934673 | R29: =($U$2/$T$3) -> 0.53266332
A30: 725493 | B30: 725582 | C30: 46014 | D30: Day 21 | E30: Wound | F30: 168 | G30: 40 | H30: 90 | I30: 3600 | J30: Y | K30: Y | M30: Y | N30: Y | O30: not sure where wound is | P30: =($S$2/$T$3) -> 0.91959799 | Q30: =($T$2/$T$3) -> 0.86934673 | R30: =($U$2/$T$3) -> 0.53266332
A31: 725586 | B31: 725695 | C31: 46014 | D31: Day 21 | E31: Wound | F31: 169 | G31: 78 | H31: 110 | I31: 8580 | J31: Y | K31: Y | M31: Y | N31: Y | O31: not sure where wound is | P31: =($S$2/$T$3) -> 0.91959799 | Q31: =($T$2/$T$3) -> 0.86934673 | R31: =($U$2/$T$3) -> 0.53266332
A32: 725696 | B32: 725785 | C32: 46014 | D32: Day 21 | E32: Wound | F32: 171 | G32: 95 | H32: 90 | I32: 8550 | J32: Y | K32: Y | L32: Y | M32: Y | N32: Y | O32: Y | P32: =($S$2/$T$3) -> 0.91959799 | Q32: =($T$2/$T$3) -> 0.86934673 | R32: =($U$2/$T$3) -> 0.53266332
A33: 753793 | C33: 45801 | D33: Day 21 | E33: Wound | F33: 165(15) SAXS-2 | G33: 49 | H33: 161 | I33: 7877 | J33: Y | K33: Y | L33: Y | M33: Y | N33: Y | O33: Y | P33: =($S$2/$T$3) -> 0.91959799 | Q33: =($T$2/$T$3) -> 0.86934673 | R33: =($U$2/$T$3) -> 0.53266332
A34: 753798 | C34: 45801 | D34: Day 21 | E34: Wound | F34: 170(20) SAXS-2 | G34: 50 | H34: 165 | I34: 8244 | J34: Y | K34: Y | L34: Y | M34: Y | N34: Y | O34: Y | P34: =($S$2/$T$3) -> 0.91959799 | Q34: =($T$2/$T$3) -> 0.86934673 | R34: =($U$2/$T$3) -> 0.53266332
A35: 692795 | C35: 45861 | D35: Day 4 | E35: Wound | F35: 74 | G35: 146 | H35: 76 | I35: =G35*H35 -> 11096 | J35: Y | K35: Y | L35: Y | M35: Y | N35: Y | O35: Y | P35: =($S$2/$T$3) -> 0.91959799 | Q35: =($T$2/$T$3) -> 0.86934673 | R35: =($U$2/$T$3) -> 0.53266332
A36: 692799 | C36: 45861 | D36: Day 4 | E36: Wound | F36: 61 | G36: 101 | H36: 88 | I36: 8888 | J36: Y | K36: Y | L36: Y | M36: Y | N36: Y | O36: Y | P36: =($S$2/$T$3) -> 0.91959799 | Q36: =($T$2/$T$3) -> 0.86934673 | R36: =($U$2/$T$3) -> 0.53266332
A37: 692826 | C37: 45861 | D37: Day 4 | E37: Wound | F37: 66 | G37: 83 | H37: 69 | I37: 5727 | J37: Y | K37: Y | L37: Y | M37: Y | N37: Y | O37: Y | P37: =($S$2/$T$3) -> 0.91959799 | Q37: =($T$2/$T$3) -> 0.86934673 | R37: =($U$2/$T$3) -> 0.53266332
A38: 753757 | C38: 45801 | D38: Day 4 | E38: Wound | F38: 62 SAXS | G38: 63 | H38: 59 | I38: 3736 | J38: Y | K38: Y | L38: Y | M38: Y | N38: Y | O38: not sure where wound is -- But might be ok as a control? | P38: =($S$2/$T$3) -> 0.91959799 | Q38: =($T$2/$T$3) -> 0.86934673 | R38: =($U$2/$T$3) -> 0.53266332
A39: 753758 | C39: 45801 | D39: Day 4 | E39: Wound | F39: 67 SAXS | G39: 70 | H39: 73 | I39: 5067 | J39: Y | K39: Y | L39: Y | M39: Y | N39: Y | P39: =($S$2/$T$3) -> 0.91959799 | Q39: =($T$2/$T$3) -> 0.86934673 | R39: =($U$2/$T$3) -> 0.53266332
A40: 753759 | C40: 45801 | D40: Day 4 | E40: Wound | F40: 75 SAXS | G40: 53 | H40: 71 | I40: 3750 | J40: Y | K40: Y | L40: Y | M40: Y | N40: Y | P40: =($S$2/$T$3) -> 0.91959799 | Q40: =($T$2/$T$3) -> 0.86934673 | R40: =($U$2/$T$3) -> 0.53266332
A41: 753776 | C41: 45801 | D41: Day 4 | E41: Wound | F41: 312 | G41: 37 | H41: 22 | I41: =G41*H41 -> 814 | J41: Y | K41: Y | L41: Y | M41: Y | N41: Y | O41: no sample | P41: =($S$2/$T$3) -> 0.91959799 | Q41: =($T$2/$T$3) -> 0.86934673 | R41: =($U$2/$T$3) -> 0.53266332
A42: 753777 | C42: 45801 | D42: Day 4 | E42: Wound | F42: 312 | G42: 59 | H42: 70 | I42: 4168 | J42: Y | K42: Y | L42: Y | M42: Y | N42: Y | O42: not sure where wound is | P42: =($S$2/$T$3) -> 0.91959799 | Q42: =($T$2/$T$3) -> 0.86934673 | R42: =($U$2/$T$3) -> 0.53266332
A43: 692781 | C43: 45861 | D43: PN2 | E43: Aging | F43: 1 | G43: 95 | H43: 51 | I43: 4845 | J43: Y | K43: Y | L43: Y | M43: Y | P43: =($S$2/$T$3) -> 0.91959799 | Q43: =($T$2/$T$3) -> 0.86934673 | R43: =($U$2/$T$3) -> 0.53266332
A44: 692782 | C44: 45861 | D44: E16.5 | E44: Aging | F44: 11 | G44: 68 | H44: 81 | I44: 5508 | J44: Y | K44: Y | L44: Y | M44: Y | P44: =($S$2/$T$3) -> 0.91959799 | Q44: =($T$2/$T$3) -> 0.86934673 | R44: =($U$2/$T$3) -> 0.53266332
A45: 692836 | C45: 45861 | D45: E16.5 | E45: Aging | F45: 13 | G45: 79 | H45: 55 | I45: 4345 | J45: Y | K45: Y | L45: Y | M45: Y | P45: =($S$2/$T$3) -> 0.91959799 | Q45: =($T$2/$T$3) -> 0.86934673 | R45: =($U$2/$T$3) -> 0.53266332
A46: 692783 | C46: 45861 | D46: E18.5 | E46: Aging | F46: 30 | G46: 179 | H46: 68 | I46: 12172 | J46: Y | K46: Y | L46: Y | M46: Y | P46: =($S$2/$T$3) -> 0.91959799 | Q46: =($T$2/$T$3) -> 0.86934673 | R46: =($U$2/$T$3) -> 0.53266332
A47: 692835 | C47: 45861 | D47: PN10 | E47: Aging | F47: 39 | G47: 79 | H47: 55 | I47: 4345 | J47: Y | K47: Y | L47: Y | M47: Y | P47: =($S$2/$T$3) -> 0.91959799 | Q47: =($T$2/$T$3) -> 0.86934673 | R47: =($U$2/$T$3) -> 0.53266332
A48: 753779 | C48: 45801 | D48: Day 4 | E48: Wound | F48: 312 | G48: 59 | H48: 70 | I48: 4168 | J48: Y | K48: Y | L48: Y | M48: Y | N48: Y | O48: not sure where wound is | P48: =($S$2/$T$3) -> 0.91959799 | Q48: =($T$2/$T$3) -> 0.86934673 | R48: =($U$2/$T$3) -> 0.53266332
A49: 753794 | C49: 45801 | D49: Day 4 | E49: Wound | F49: 311 | G49: 19 | H49: 14 | I49: =G49*H49 -> 266 | J49: Y | K49: Y | L49: Y | M49: Y | N49: Y | O49: no sample | P49: =($S$2/$T$3) -> 0.91959799 | Q49: =($T$2/$T$3) -> 0.86934673 | R49: =($U$2/$T$3) -> 0.53266332
A50: 753795 | C50: 45801 | D50: Day 4 | E50: Wound | F50: 311 | G50: 105 | H50: 115 | I50: 12087 | J50: Y | K50: Y | L50: Y | M50: Y | N50: Y | O50: not sure where wound is | P50: =($S$2/$T$3) -> 0.91959799 | Q50: =($T$2/$T$3) -> 0.86934673 | R50: =($U$2/$T$3) -> 0.53266332
A51: 692796 | C51: 45861 | D51: Day 7 | E51: Wound | F51: 80 | G51: 101 | H51: 71 | I51: =G51*H51 -> 7171 | J51: Y | K51: Y | L51: Y | M51: Y | N51: Y | P51: =($S$2/$T$3) -> 0.91959799 | Q51: =($T$2/$T$3) -> 0.86934673 | R51: =($U$2/$T$3) -> 0.53266332
A52: 692827 | C52: 45861 | D52: Day 7 | E52: Wound | F52: 90 | G52: 76 | H52: 69 | I52: 5244 | J52: Y | K52: Y | L52: Y | M52: Y | N52: Y | O52: Y | P52: =($S$2/$T$3) -> 0.91959799 | Q52: =($T$2/$T$3) -> 0.86934673 | R52: =($U$2/$T$3) -> 0.53266332
A53: 692800 | C53: 45861 | D53: Day 7 | E53: Wound | F53: 83 | G53: 201 | H53: 76 | I53: 15276 | J53: Y | K53: Y | L53: Y | M53: Y | N53: Y | O53: Y | P53: =($S$2/$T$3) -> 0.91959799 | Q53: =($T$2/$T$3) -> 0.86934673 | R53: =($U$2/$T$3) -> 0.53266332
A54: 725786 | B54: 725883 | C54: 46014 | D54: Day 7 | E54: Wound | F54: 151 | G54: 85 | H54: 97.5 | I54: 8287.5 | J54: Y | K54: Y | M54: Y | N54: Y | P54: =($S$2/$T$3) -> 0.91959799 | Q54: =($T$2/$T$3) -> 0.86934673 | R54: =($U$2/$T$3) -> 0.53266332
A55: 725884 | B55: 725941 | C55: 46014 | D55: Day 7 | E55: Wound | F55: 154 | G55: 55 | H55: 120 | I55: 6600 | J55: Y | K55: Y | M55: Y | N55: Y | O55: not sure where wound is | P55: =($S$2/$T$3) -> 0.91959799 | Q55: =($T$2/$T$3) -> 0.86934673 | R55: =($U$2/$T$3) -> 0.53266332
A56: 753786 | C56: 45801 | D56: Day 7 | E56: Wound | F56: 320 | G56: 85 | H56: 73 | I56: =G56*H56 -> 6205 | J56: Y | K56: Y | L56: Y | M56: Y | N56: Y | O56: no sample | P56: =($S$2/$T$3) -> 0.91959799 | Q56: =($T$2/$T$3) -> 0.86934673 | R56: =($U$2/$T$3) -> 0.53266332
A57: 753787 | C57: 45801 | D57: Day 7 | E57: Wound | F57: 320 | G57: 62 | H57: 131 | I57: 8120 | J57: Y | K57: Y | L57: Y | M57: Y | N57: Y | O57: no sample | P57: =($S$2/$T$3) -> 0.91959799 | Q57: =($T$2/$T$3) -> 0.86934673 | R57: =($U$2/$T$3) -> 0.53266332
A58: 753789 | C58: 45801 | D58: Day 7 | E58: Wound | F58: 152(2) SAXS-2 | G58: 24 | H58: 21 | I58: =G58*H58 -> 504 | J58: Y | K58: Y | L58: Y | M58: Y | N58: Y | O58: no sample | P58: =($S$2/$T$3) -> 0.91959799 | Q58: =($T$2/$T$3) -> 0.86934673 | R58: =($U$2/$T$3) -> 0.53266332
A59: 753790 | C59: 45801 | D59: Day 7 | E59: Wound | F59: 152(2) SAXS-2 | G59: 62 | H59: 141 | I59: 8728 | J59: Y | K59: Y | L59: Y | M59: Y | N59: Y | P59: =($S$2/$T$3) -> 0.91959799 | Q59: =($T$2/$T$3) -> 0.86934673 | R59: =($U$2/$T$3) -> 0.53266332
A60: 753791 | C60: 45801 | D60: Day 7 | E60: Wound | F60: 153(3) SAXS-2 | G60: 24 | H60: 18 | I60: =G60*H60 -> 432 | J60: Y | K60: Y | L60: Y | M60: Y | N60: Y | O60: no sample | P60: =($S$2/$T$3) -> 0.91959799 | Q60: =($T$2/$T$3) -> 0.86934673 | R60: =($U$2/$T$3) -> 0.53266332
A61: 753792 | C61: 45801 | D61: Day 7 | E61: Wound | F61: 153(3) SAXS-2 | G61: 49 | H61: 161 | I61: 7882 | J61: Y | K61: Y | L61: Y | M61: Y | N61: Y | P61: =($S$2/$T$3) -> 0.91959799 | Q61: =($T$2/$T$3) -> 0.86934673 | R61: =($U$2/$T$3) -> 0.53266332
A62: 753796 | C62: 45801 | D62: Day 7 | E62: Wound | F62: 319 | G62: 22 | H62: 15 | I62: =G62*H62 -> 330 | J62: Y | K62: Y | L62: Y | M62: Y | N62: Y | O62: no sample | P62: =($S$2/$T$3) -> 0.91959799 | Q62: =($T$2/$T$3) -> 0.86934673 | R62: =($U$2/$T$3) -> 0.53266332
A63: 692825 | C63: 45861 | D63: PN4 | E63: Aging | F63: 113 | G63: 46 | H63: 94 | I63: 4324 | J63: Y | K63: Y | L63: Y | M63: Y | P63: =($S$2/$T$3) -> 0.91959799 | Q63: =($T$2/$T$3) -> 0.86934673 | R63: =($U$2/$T$3) -> 0.53266332
A64: 692794 | C64: 45861 | D64: PBS | E64: Bleo | F64: 119 | G64: 101 | H64: 51 | I64: 5151 | J64: Y | K64: Y | L64: Y | M64: Y | N64: Y | O64: Y | P64: =($S$2/$T$3) -> 0.91959799 | Q64: =($T$2/$T$3) -> 0.86934673 | R64: =($U$2/$T$3) -> 0.53266332
A65: 692788 | C65: 45861 | D65: 4W | E65: Bleo | F65: 121 | G65: 101 | H65: 41 | I65: 4141 | J65: Y | K65: Y | L65: Y | M65: Y | N65: Y | O65: Y | P65: =($S$2/$T$3) -> 0.91959799 | Q65: =($T$2/$T$3) -> 0.86934673 | R65: =($U$2/$T$3) -> 0.53266332
A66: 692818 | C66: 45861 | D66: 4W | E66: Bleo | F66: 122 | G66: 86 | H66: 76 | I66: 6536 | J66: Y | K66: Y | L66: Y | M66: Y | N66: Y | O66: Y | P66: =($S$2/$T$3) -> 0.91959799 | Q66: =($T$2/$T$3) -> 0.86934673 | R66: =($U$2/$T$3) -> 0.53266332
A67: 692791 | C67: 45861 | D67: 2W | E67: Bleo | F67: 124 | G67: 76 | H67: 36 | I67: 2736 | J67: Y | K67: Y | L67: Y | M67: Y | N67: Y | O67: Y | P67: =($S$2/$T$3) -> 0.91959799 | Q67: =($T$2/$T$3) -> 0.86934673 | R67: =($U$2/$T$3) -> 0.53266332
A68: 692790 | C68: 45861 | D68: PBSMET | E68: Bleo | F68: 127 | G68: 76 | H68: 51 | I68: 3876 | J68: Y | K68: Y | L68: Y | M68: Y | N68: Y | O68: Y | P68: =($S$2/$T$3) -> 0.91959799 | Q68: =($T$2/$T$3) -> 0.86934673 | R68: =($U$2/$T$3) -> 0.53266332
A69: 692801 | C69: 45861 | D69: PBSMET | E69: Bleo | F69: 130 | G69: 91 | H69: 61 | I69: 5551 | J69: Y | K69: Y | L69: Y | M69: Y | N69: Y | O69: Y | P69: =($S$2/$T$3) -> 0.91959799 | Q69: =($T$2/$T$3) -> 0.86934673 | R69: =($U$2/$T$3) -> 0.53266332
A70: 692789 | C70: 45861 | D70: BM | E70: Bleo | F70: 133 | G70: 76 | H70: 91 | I70: 6916 | J70: Y | K70: Y | L70: Y | M70: Y | N70: Y | O70: Y | P70: =($S$2/$T$3) -> 0.91959799 | Q70: =($T$2/$T$3) -> 0.86934673 | R70: =($U$2/$T$3) -> 0.53266332
A71: 692805 | C71: 45861 | D71: BM | E71: Bleo | F71: 135 | G71: 101 | H71: 51 | I71: =G71*H71 -> 5151 | J71: Y | K71: Y | L71: Y | M71: Y | N71: Y | O71: Y | P71: =($S$2/$T$3) -> 0.91959799 | Q71: =($T$2/$T$3) -> 0.86934673 | R71: =($U$2/$T$3) -> 0.53266332
A72: 692778 | C72: 45861 | D72: 4W | E72: Bleo | F72: 141 | G72: 41 | H72: 126 | I72: 5166 | J72: Y | K72: Y | L72: Y | M72: Y | N72: Y | O72: Y | P72: =($S$2/$T$3) -> 0.91959799 | Q72: =($T$2/$T$3) -> 0.86934673 | R72: =($U$2/$T$3) -> 0.53266332
A73: 692779 | C73: 45861 | D73: same as 778 | E73: Bleo | G73: 63 | H73: 41 | I73: 2583 | J73: Y | K73: Y | L73: Y | M73: Y | N73: Y | O73: ? | P73: =($S$2/$T$3) -> 0.91959799 | Q73: =($T$2/$T$3) -> 0.86934673 | R73: =($U$2/$T$3) -> 0.53266332
A74: 692792 | C74: 45861 | D74: 4W | E74: Bleo | F74: 144 | G74: 101 | H74: 51 | I74: 5151 | J74: Y | K74: Y | L74: Y | M74: Y | N74: Y | O74: Y | P74: =($S$2/$T$3) -> 0.91959799 | Q74: =($T$2/$T$3) -> 0.86934673 | R74: =($U$2/$T$3) -> 0.53266332
A75: 692793 | C75: 45861 | D75: same as 792 | E75: Bleo | G75: 7 | H75: 51 | I75: 357 | J75: Y | K75: Y | L75: Y | M75: Y | N75: Y | O75: Nothing | P75: =($S$2/$T$3) -> 0.91959799 | Q75: =($T$2/$T$3) -> 0.86934673 | R75: =($U$2/$T$3) -> 0.53266332
A76: 692806 | C76: 45861 | D76: 4W | E76: Bleo | F76: 145 | G76: 101 | H76: 51 | I76: 5151 | J76: Y | K76: Y | L76: Y | M76: Y | N76: Y | O76: Nothing | P76: =($S$2/$T$3) -> 0.91959799 | Q76: =($T$2/$T$3) -> 0.86934673 | R76: =($U$2/$T$3) -> 0.53266332
A77: 692784 | C77: 45861 | D77: PBSMET | E77: Bleo | F77: 147 | G77: 101 | H77: 51 | I77: 5151 | J77: Y | K77: Y | L77: Y | M77: Y | N77: Y | O77: Y | P77: =($S$2/$T$3) -> 0.91959799 | Q77: =($T$2/$T$3) -> 0.86934673 | R77: =($U$2/$T$3) -> 0.53266332
A78: 692785 | C78: 45861 | D78: BM | E78: Bleo | F78: 154 | G78: 101 | H78: 51 | I78: 5151 | J78: Y | K78: Y | L78: Y | M78: Y | N78: Y | O78: Y | P78: =($S$2/$T$3) -> 0.91959799 | Q78: =($T$2/$T$3) -> 0.86934673 | R78: =($U$2/$T$3) -> 0.53266332
A79: 692776 | C79: 45861 | D79: 2W | E79: Bleo | F79: 158 | G79: 71 | H79: 36 | I79: =G79*H79 -> 2556 | J79: Y | K79: Y | L79: Y | M79: Y | N79: Y | O79: Y | P79: =($S$2/$T$3) -> 0.91959799 | Q79: =($T$2/$T$3) -> 0.86934673 | R79: =($U$2/$T$3) -> 0.53266332
A80: 692787 | C80: 45861 | D80: 2W | E80: Bleo | F80: 161 | G80: 101 | H80: 51 | I80: 5151 | J80: Y | K80: Y | L80: Y | M80: Y | N80: Y | O80: Y | P80: =($S$2/$T$3) -> 0.91959799 | Q80: =($T$2/$T$3) -> 0.86934673 | R80: =($U$2/$T$3) -> 0.53266332
A81: 692786 | C81: 45861 | D81: PBS | E81: Bleo | F81: 171 | G81: 101 | H81: 51 | I81: 5151 | J81: Y | K81: Y | L81: Y | M81: Y | N81: Y | O81: Y | P81: =($S$2/$T$3) -> 0.91959799 | Q81: =($T$2/$T$3) -> 0.86934673 | R81: =($U$2/$T$3) -> 0.53266332
A82: 692780 | C82: 45861 | D82: PBS | E82: Bleo | F82: 174 | G82: 126 | H82: 51 | I82: 6426 | J82: Y | K82: Y | L82: Y | M82: Y | N82: Y | O82: Y | P82: =($S$2/$T$3) -> 0.91959799 | Q82: =($T$2/$T$3) -> 0.86934673 | R82: =($U$2/$T$3) -> 0.53266332
A83: 753797 | C83: 45801 | D83: Day 7 | E83: Wound | F83: 319 | G83: 105 | H83: 80 | I83: 8417 | J83: Y | K83: Y | L83: Y | M83: Y | N83: Y | O83: Y | P83: =($S$2/$T$3) -> 0.91959799 | Q83: =($T$2/$T$3) -> 0.86934673 | R83: =($U$2/$T$3) -> 0.53266332
A84: 692762 | C84: 45861 | D84: unwounded | E84: Wound | F84: 73 | G84: 26 | H84: 51 | I84: =G84*H84 -> 1326 | J84: Y | K84: Y | L84: Y | M84: Y | N84: Y | O84: no sample | P84: =($S$2/$T$3) -> 0.91959799 | Q84: =($T$2/$T$3) -> 0.86934673 | R84: =($U$2/$T$3) -> 0.53266332
A85: 692820 | C85: 45861 | D85: unwounded | E85: Wound | F85: 64 | G85: 98 | H85: 35 | I85: 3430 | J85: Y | K85: Y | L85: Y | M85: Y | N85: Y | O85: Y | P85: =($S$2/$T$3) -> 0.91959799 | Q85: =($T$2/$T$3) -> 0.86934673 | R85: =($U$2/$T$3) -> 0.53266332
A86: 692821 | C86: 45861 | D86: unwounded | E86: Wound | F86: 69 | G86: 73 | H86: 105 | I86: 7665 | J86: Y | K86: Y | L86: Y | M86: Y | N86: Y | O86: Y | P86: =($S$2/$T$3) -> 0.91959799 | Q86: =($T$2/$T$3) -> 0.86934673 | R86: =($U$2/$T$3) -> 0.53266332
A87: 725323 | B87: 725336 | C87: 46014 | D87: unwounded | E87: Wound | F87: 77 | G87: 80 | H87: 80 | I87: 6400 | J87: Y | K87: Y | L87: Y | M87: Y | N87: Y | P87: =($S$2/$T$3) -> 0.91959799 | Q87: =($T$2/$T$3) -> 0.86934673 | R87: =($U$2/$T$3) -> 0.53266332
A88: 725339 | B88: 725395 | C88: 46014 | D88: unwounded | E88: Wound | F88: 77 | G88: 80 | H88: 53 | I88: 4240 | J88: Y | K88: Y | L88: Y | M88: Y | N88: Y | O88: Y | P88: =($S$2/$T$3) -> 0.91959799 | Q88: =($T$2/$T$3) -> 0.86934673 | R88: =($U$2/$T$3) -> 0.53266332
A89: 753828 | C89: 45801 | D89: unwounded | E89: Wound | F89: 71 SAXS | G89: 57 | H89: 108 | I89: 6176 | J89: Y | K89: Y | L89: Y | M89: Y | N89: Y | O89: Y | P89: =($S$2/$T$3) -> 0.91959799 | Q89: =($T$2/$T$3) -> 0.86934673 | R89: =($U$2/$T$3) -> 0.53266332
A90: 753829 | C90: 45801 | D90: unwounded | E90: Wound | F90: 78 SAXS | G90: 52 | H90: 145 | I90: 7468 | J90: Y | K90: Y | L90: Y | M90: Y | N90: Y | O90: Y | P90: =($S$2/$T$3) -> 0.91959799 | Q90: =($T$2/$T$3) -> 0.86934673 | R90: =($U$2/$T$3) -> 0.53266332
A91: 753830 | C91: 45801 | D91: unwounded | E91: Wound | F91: 79 SAXS | G91: 57 | H91: 145 | I91: 8193 | J91: Y | K91: Y | L91: Y | M91: Y | N91: Y | O91: no sample | P91: =($S$2/$T$3) -> 0.91959799 | Q91: =($T$2/$T$3) -> 0.86934673 | R91: =($U$2/$T$3) -> 0.53266332
A92: 810533 | C92: 45713 | D92: WT back skin | E92: JEB | F92: 382 | J92: Y | K92: Y | L92: Y | M92: Y | N92: Y | O92: not good | P92: =($S$2/$T$3) -> 0.91959799 | Q92: =($T$2/$T$3) -> 0.86934673 | R92: =($U$2/$T$3) -> 0.53266332
A93: 810534 | C93: 45713 | D93: fixed control | E93: Keloid | F93: 155 | J93: Y | K93: Y | L93: Y | M93: Y | P93: =($S$2/$T$3) -> 0.91959799 | Q93: =($T$2/$T$3) -> 0.86934673 | R93: =($U$2/$T$3) -> 0.53266332
A94: 810535 | C94: 45713 | D94: fixed control | E94: Keloid | F94: 155 | J94: Y | K94: Y | L94: Y | M94: Y | P94: =($S$2/$T$3) -> 0.91959799 | Q94: =($T$2/$T$3) -> 0.86934673 | R94: =($U$2/$T$3) -> 0.53266332
A95: 810536 | C95: 45713 | D95: fixed control | E95: Keloid | F95: 155 | J95: Y | K95: Y | L95: Y | M95: Y | P95: =($S$2/$T$3) -> 0.91959799 | Q95: =($T$2/$T$3) -> 0.86934673 | R95: =($U$2/$T$3) -> 0.53266332
A96: 810537 | C96: 45713 | D96: wound bed | E96: Keloid | F96: 201 | J96: Y | K96: Y | L96: Y | M96: Y | P96: =($S$2/$T$3) -> 0.91959799 | Q96: =($T$2/$T$3) -> 0.86934673 | R96: =($U$2/$T$3) -> 0.53266332
A97: 810538 | C97: 45713 | D97: 60um control | E97: Keloid | F97: 158 | J97: Y | K97: Y | L97: Y | M97: Y | P97: =($S$2/$T$3) -> 0.91959799 | Q97: =($T$2/$T$3) -> 0.86934673 | R97: =($U$2/$T$3) -> 0.53266332
A98: 810540 | C98: 45713 | D98: WT B1 | E98: JEB | F98: 415 | G98: 69 | H98: 106 | I98: 7314 | J98: Y | K98: Y | L98: Y | M98: Y | N98: Y | O98: Y | P98: =($S$2/$T$3) -> 0.91959799 | Q98: =($T$2/$T$3) -> 0.86934673 | R98: =($U$2/$T$3) -> 0.53266332
A99: 810541 | C99: 45713 | D99: KO7 JEB | E99: JEB | F99: 400 | G99: 70 | H99: 110 | I99: 7700 | J99: Y | K99: Y | L99: Y | M99: Y | N99: Y | O99: Y | P99: =($S$2/$T$3) -> 0.91959799 | Q99: =($T$2/$T$3) -> 0.86934673 | R99: =($U$2/$T$3) -> 0.53266332
A100: 810542 | C100: 45713 | D100: KO7 JEB | E100: JEB | F100: 401 | G100: 54 | H100: 110 | I100: 5940 | J100: Y | K100: Y | L100: Y | M100: Y | N100: Y | O100: Y | P100: =($S$2/$T$3) -> 0.91959799 | Q100: =($T$2/$T$3) -> 0.86934673 | R100: =($U$2/$T$3) -> 0.53266332
A101: 810543 | C101: 45713 | D101: KO1 JEB | E101: JEB | F101: 403 | G101: 71 | H101: 110 | I101: 7810 | J101: Y | K101: Y | L101: Y | M101: Y | N101: Y | O101: Y | P101: =($S$2/$T$3) -> 0.91959799 | Q101: =($T$2/$T$3) -> 0.86934673 | R101: =($U$2/$T$3) -> 0.53266332
A102: 810544 | C102: 45713 | D102: KO1 JEB | E102: JEB | F102: 404 | G102: 45 | H102: 190 | I102: 8550 | J102: Y | K102: Y | L102: Y | M102: Y | N102: Y | O102: Y? | P102: =($S$2/$T$3) -> 0.91959799 | Q102: =($T$2/$T$3) -> 0.86934673 | R102: =($U$2/$T$3) -> 0.53266332
A103: 810545 | C103: 45713 | D103: KO2 JEB | E103: JEB | F103: 405 | G103: 42 | H103: 124 | I103: 5208 | J103: Y | K103: Y | L103: Y | M103: Y | N103: Y | O103: Y | P103: =($S$2/$T$3) -> 0.91959799 | Q103: =($T$2/$T$3) -> 0.86934673 | R103: =($U$2/$T$3) -> 0.53266332
A104: 810546 | C104: 45713 | D104: KO2 JEB | E104: JEB | F104: 406 | G104: 47 | H104: 149 | I104: 7003 | J104: Y | K104: Y | L104: Y | M104: Y | N104: Y | O104: Y | P104: =($S$2/$T$3) -> 0.91959799 | Q104: =($T$2/$T$3) -> 0.86934673 | R104: =($U$2/$T$3) -> 0.53266332
A105: 810547 | C105: 45713 | D105: KO3 JEB | E105: JEB | F105: 407 | G105: 40 | H105: 149 | I105: 5960 | J105: Y | K105: Y | L105: Y | M105: Y | N105: Y | O105: no wound | P105: =($S$2/$T$3) -> 0.91959799 | Q105: =($T$2/$T$3) -> 0.86934673 | R105: =($U$2/$T$3) -> 0.53266332
A106: 810548 | C106: 45713 | D106: middle keloid claire stav 1 | E106: Keloid | G106: 201 | H106: 401 | I106: 80601 | J106: Y | K106: Y | L106: Y | M106: Y | P106: =($S$2/$T$3) -> 0.91959799 | Q106: =($T$2/$T$3) -> 0.86934673 | R106: =($U$2/$T$3) -> 0.53266332
...

Sheet Sheet1
A1: TYPE | L1: Completed | M1: Images | N1: Cut | O1: Analysed | W1: Completed | X1: Images | Y1: Cut | Z1: Analysed
A2: Paper | Q2: Paper
A8: Wounding | Q8: Wounding
A9: Control 60um | B9: 1 | C9: 6 | D9: 18 | E9: 30 | F9: 44 | G9: 4 | H9: 5 | I9: 20 | J9: 32 | K9: 45 | N9: yes | O9: yes | Q9: Control 60um | R9: 1 | S9: 6 | T9: 17 | U9: 29 | V9: 32
A10: Control 12um | B10: 12 | C10: 28 | D10: 41 | E10: 53 | F10: 54 | Q10: Control 12um
A11: D4 | Q11: D4
A12: D7 | B12: 230 | C12: 233 | D12: 25 | E12: 26 | F12: 23 | G12: 35 | H12: 357 | I12: 359 | N12: yes | O12: yes | Q12: D7 | R12: 230 | S12: 238 | T12: 357 | U12: 359
A13: D10 | B13: 210 | C13: 212 | D13: 215 | Q13: D10 | R13: 212
A14: D14 | B14: 156 | C14: 166 | D14: 244 | E14: 242 | F14: 355 | G14: 356 | N14: yes | O14: yes | Q14: D14 | R14: 157 | S14: 242 | T14: 355 | U14: 356
A15: D21 | Q15: D21
A17: AP1 | Q17: AP1
A18: TS | B18: 269 | C18: 274 | D18: 272 | E18: 271 | F18: 273 | G18: 300 | H18: 301 | N18: yes | O18: yes | Q18: TS | R18: 269 | S18: 271 | T18: 273
A19: VH | B19: 270 | C19: 275 | D19: 277 | E19: 23 | F19: 20 | G19: 201 | H19: 302 | I19: 303 | N19: yes | O19: yes | Q19: VH | R19: 270 | S19: 275 | T19: 277 | U19: 302
A20: CL | B20: 278 | C20: 284 | D20: 285 | E20: 281 | F20: 282 | G20: 294 | H20: 295 | N20: yes | O20: yes | Q20: CL | R20: 278 | S20: 285 | T20: 281 | U20: 282
A21: AC | B21: 279 | C21: 280 | D21: 289 | E21: 286 | F21: 298 | G21: 297 | N21: yes | O21: yes | Q21: AC | R21: 279 | S21: 280 | T21: 289 | U21: 286
A23: Bleomycin | Q23: Bleomycin
A24: PBS | B24: 308 | C24: 305 | D24: 309 | E24: 310 | F24: 341 | G24: 342 | Q24: PBS | R24: 308 | S24: 305 | T24: 342
A25: 2W | B25: 306 | C25: 311 | D25: 312 | E25: 326 | F25: 324 | Q25: 2W | R25: 306 | S25: 311 | T25: 326 | U25: 324
A26: 4W 3R | B26: 307 | C26: 313 | D26: 304 | Q26: 4W 3R | R26: 307
A27: 4W 5R | B27: 322 | C27: 321 | D27: 320 | E27: 323 | F27: 332 | Q27: 4W 5R | R27: 322 | S27: 321 | T27: 320 | U27: 323
A28: PBS MET | B28: 336 | C28: 337 | D28: 338 | H28: 9153.1 | Q28: PBS MET | R28: 336 | S28: 337
A29: BM | B29: 331 | C29: 329 | D29: 330 | E29: 334 | F29: 333 | H29: 9111.6 | Q29: BM | R29: 329 | S29: 330 | T29: 334 | U29: 333
A30: 4W MET | B30: 325 | C30: 327 | D30: 328 | E30: 335 | H30: 1909.9 | Q30: 4W MET | R30: 327 | S30: 328
A31: PBS OKN | B31: 319 | C31: 339 | D31: 340 | H31: 2644.7 | Q31: PBS OKN | R31: 319 | S31: 339 | T31: 340
A32: 4W OKN | B32: 318 | C32: 316 | D32: 314 | E32: 315 | F32: 317 | Q32: 4W OKN | R32: 318 | S32: 314 | T32: 315 | U32: 317
A34: JEB | Q34: JEB
A35: WT | B35: 382 | C35: 376 | Q35: WT
A36: KO | B36: 379 | C36: 387 | D36: 386 | E36: 390 | F36: 393 | Q36: KO
A37: WT D7 | B37: 552 | C37: 553 | Q37: WT D7
A38: KO D7 | B38: 561 | C38: 562 | D38: 541 | E38: 546 | Q38: KO D7
A39: WT D10 | B39: 472 | C39: 475 | D39: 487 | Q39: WT D10
A40: KO D10 | B40: 478 | C40: 490 | D40: 484 | E40: 482 | Q40: KO D10
A41: WT D14 | B41: 632 | C41: 629 | D41: 623 | E41: 642 | Q41: WT D14 | R41: 632
A42: KO D14 | B42: 626 | C42: 636 | D42: 644 | E42: 647 | Q42: KO D14
A43: WT D19 | B43: 535 | C43: 539 | Q43: WT D19
A44: KO D19 | B44: 517 | C44: 523 | D44: 526 | E44: 529 | Q44: KO D19
A45: WT VH | B45: 572 | C45: 576 | D45: 595 | Q45: WT VH
A46: KO VH | B46: 580 | Q46: KO VH
A47: WT RAD | Q47: WT RAD
A48: KO RAD | Q48: KO RAD
A49: WT VH NECK | Q49: WT VH NECK
A50: KO VH NECK | Q50: KO VH NECK
A51: WT RAD NECK | Q51: WT RAD NECK
A52: KO RAD NECK | Q52: KO RAD NECK

Sheet by TECHNIQUE (done)
A1: NUMBER | B1: RAMAN | D1: NI | F1: labSAXS | H1: SAXS | J1: TYPE | K1: Sub type | L1: NI | M1: SAXS | O1: NI | Q1: Group | R1: Date | S1: Tip size | T1: Tip stiffness | U1: indentation depth | V1: approach speed | W1: hold time
B2: Sample Label | C2: Description | D2: Sample Label | E2: Description | F2: Sample Label | G2: Description | H2: Sample Label | I2: Description | O2: Sample Label | P2: Description
A3: 1 | E3: Control 6 | F3: 173 | G3: =MANIFEST!G337 -> PBS | J3: Wounding | K3: Control | L3: 5 | M3: 7 | O3: 23 H | P3: Unwounded | Q3: Control | R3: 14/08/23 | S3: 26 | T3: 0.49 | U3: 5000 | V3: 2s | W3: 3s
A4: 2 | E4: Control 7 | F4: 120 | G4: =MANIFEST!G293 -> 4W | K4: 4 | L4: 0 | M4: 7 | O4: 25 I | P4: Day 7 | Q4: Wounding | R4: 29/08/23 | S4: 26.5 | T4: 0.48 | U4: 5000 | V4: 2s | W4: 3s
A5: 3 | D5: 1 | E5: Control 1 | F5: 172 | G5: =MANIFEST!G336 -> PBS | K5: 7 | L5: 2 | M5: 9 | O5: 26 I | P5: Day 7 | Q5: Wounding | R5: 21/08/23 | S5: 26.5 | T5: 0.48 | U5: 5000 | V5: 2s | W5: 3s
A6: 4 | D6: 6 | E6: Control 2 | F6: 142 | G6: =MANIFEST!G313 -> 4W | K6: 10 | L6: 3 | M6: 3 | O6: 35 L | P6: Unwounded | Q6: Control | R6: 23/08/23 | S6: 26.5 | T6: 0.48 | U6: 5000 | V6: 2s | W6: 3s
A7: 5 | D7: 18 | E7: Control 3 | F7: 68 | G7: =MANIFEST!G241 -> Day 4 | K7: 14 | L7: 4 | M7: 4 | O7: 156 AG | P7: Day 14 | Q7: Wounding | R7: 13/02/24 | S7: 26 | T7: 0.51 | U7: 5000 | V7: 2s | W7: 3s
A8: 6 | D8: 30 | E8: Control 4 | F8: 76 | G8: =MANIFEST!G249 -> Day 4 | K8: 21 | L8: 0 | M8: 4 | O8: 166 AI | P8: Day 14 | Q8: Wounding | R8: 29/05/24 | S8: 27.5 | T8: 0.49 | U8: 5000 | V8: 2s | W8: 3s
A9: 7 | D9: 44 | E9: Control 5 | F9: 129 | G9: =MANIFEST!G301 -> PBSMET | J9: AP1 | K9: Control | L9: 4 | M9: 5 | O9: 16 F | P9: T5224 Day 10 | Q9: AP1 | R9: 14/03/24 | S9: 26 | T9: 0.51 | U9: 1250 | V9: 1s | W9: 1s
A10: 8 | K10: T5224 | L10: 6 | M10: 5 | O10: 19 G | P10: T5224 Day 10 | Q10: AP1 | R10: 45632 | S10: 27.5 | T10: 0.49 | U10: 1250 | V10: 1s | W10: 3s
A11: 9 | D11: 25I | E11: Day 7 | J11: CL | K11: Control | L11: 4 | M11: 0 | O11: 20 H | P11: Vehicle Day 10 | Q11: AP1 | R11: 14/03/24 | S11: 26 | T11: 0.51 | U11: 5000 | V11: 1 | W11: 1
A12: 10 | D12: 35L | E12: Day 7 | K12: Clomipramine | L12: 6 | M12: 0 | O12: 23 H | P12: Vehicle Day 10 | Q12: AP1 | R12: 21/03/24 | S12: 27.5 | T12: 0.49 | U12: 1250 | V12: 1s | W12: 3s
A13: 11 | D13: 26I | E13: Day 7 | J13: Bleomycin | K13: PBS | L13: 0 | M13: 3 | O13: 201 | P13: Vehicle Day 10 | Q13: AP1 | R13: 29/05/24 | S13: 27.5 | T13: 0.49 | U13: 1250 | V13: 1.786 | W13: 3s
A14: 12 | D14: 233 | E14: Day 7 | K14: 2w | L14: 0 | M14: 3 | O14: 210 | P14: Day 10 | Q14: Wounding | R14: 20/06/24 | S14: 27.5 | T14: 0.49 | U14: 5000 | V14: 2 | W14: 3s
A15: 13 | D15: 230 | E15: Day 7 | K15: 4w | L15: 0 | M15: 5 | O15: 212 | P15: Day 10 | Q15: Wounding | R15: 20/06/24 | S15: 27.5 | T15: 0.49 | U15: 5000 | V15: 2 | W15: 3s
A16: 14 | K16: PBSMET | L16: 0 | M16: 3 | O16: 215 | P16: Day 10 | Q16: Wounding | R16: 25/06/24 | S16: 27.5 | T16: 0.49 | U16: 5000 | V16: 2 | W16: 3s
A17: 15 | D17: 210 | E17: Day 10 | K17: BMMET | L17: 0 | M17: 3 | O17: 230 | P17: Day 7 | Q17: Wounding | R17: 25/06/24 | S17: 27.5 | T17: 0.49 | U17: 5000 | V17: 2 | W17: 3s
A18: 16 | D18: 212 | E18: Day 10 | J18: JEB | K18: Control | L18: 0 | M18: 0 | O18: 242 | P18: Day 14 | Q18: Wounding | R18: 45329 | S18: 27.5 | T18: 0.49 | U18: 5000 | V18: 2 | W18: 3s
A19: 17 | D19: 215 | E19: Day 10 | K19: Mild | L19: 0 | M19: 0 | O19: 220 | P19: Day 21 | Q19: Wounding | R19: 45329 | S19: 27.5 | T19: 0.49 | U19: 5000 | V19: 2 | W19: 3s
A20: 18 | K20: Med | L20: 0 | M20: 0
A21: 19 | D21: 244 | E21: Day 14 | K21: Sev | L21: 0 | M21: 0
A22: 20 | D22: 166 | E22: Day 14 | K22: Sev+d4 | L22: 0 | M22: 0
A23: 21 | D23: 156 | E23: Day 14 | K23: Sev+d7 | L23: 0 | M23: 0
A24: 22 | D24: 242 | E24: Day 14 | K24: Sev+d10 | L24: 0 | M24: 0
A25: 23 | K25: Sev+d14 | L25: 0 | M25: 0
A26: 24 | D26: 225 | E26: Day 21 | K26: Sev+d21 | L26: 0 | M26: 0
A27: 25 | D27: 220 | E27: Day 21 | K27: RecLamn | L27: 0 | M27: 0
A28: 26 | J28: Keloid | K28: Control | L28: 0 | M28: 0
A29: 27 | D29: 19G f32 | E29: T5224 Day 10 | K29: Middle | L29: 0 | M29: 0
A30: 28 | D30: 273 f31 | E30: T5224 Day 10 | K30: Edge | L30: 0 | M30: 0
A31: 29 | D31: 269 f11 | E31: T5224 Day 10 | J31: Aging | K31: E16.5 | M31: 2
A32: 30 | D32: 274 f22 | E32: T5224 Day 10 | K32: E18.5 | M32: 1
A33: 31 | D33: 272 f32 | E33: T5224 Day 10 | K33: P0 | M33: 1
A34: 32 | D34: 300 | E34: T5224 Day 10 | K34: P2 | M34: 1
A35: 33 | D35: 301 m11 | E35: T5224 Day 10 | K35: P4 | M35: 1
A36: 34 | K36: P10 | M36: 1
A37: 35 | D37: 16F f21 | E37: Vehicle Day 10
A38: 36 | D38: 20 f11 | E38: Vehicle Day 10
A39: 37 | D39: 23 f22 | E39: Vehicle Day 10
A40: 38 | D40: 270 | E40: Vehicle Day 10
A41: 39 | D41: 277 f21 | E41: Vehicle Day 10
A42: 40 | D42: 275 f11 | E42: Vehicle Day 10
A43: 41 | D43: 201 f21 | E43: Vehicle Day 10
A44: 42
A45: 43
A46: 44 | D46: 281 f22 | E46: CL Day 21
A47: 45 | D47: 278 f11 | E47: CL Day 21
A48: 46 | D48: 284 m12 | E48: CL Day 21
A49: 47 | D49: 285 m21 | E49: CL Day 21
A50: 48 | D50: 294 f12 | E50: CL Day 21
A51: 49 | D51: 295 m12 | E51: CL Day 21
A52: 50 | D52: 280 m22 | E52: Acetone Day 21
A53: 51 | D53: 279 f12 | E53: Acetone Day 21
A54: 52 | D54: 289 f11 | E54: Acetone Day 21
A55: 53 | D55: 298 m11 | E55: Acetone Day 21
A56: 54
A57: 55
A58: 56
A59: 57
A60: 58
A61: 59
A62: 60
A63: 61
A64: 62
A65: 63

Sheet SAXS Done
A1: SAMPLE NUMBER | B1: DLS NUMBER | C1: Label | D1: Size | E1: end? | F1: TYPE | G1: DATE | H1: EXP NUMBER | I1: DAWN | J1: I(q) | K1: CSV | L1: I(X) | N1: SCALED AREA NON PARAM | O1: TOTAL AREA ARR | P1: SCALED AREA | Q1: DPERIOD | R1: CSV master
A2: 62 SAXS | B2: 753757 | C2: sample 62 scan 3 | D2: 60x64 | F2: Day 4 | G2: 45436 | H2: SM36684-1 | I2: Yes | J2: Yes
A3: 67 SAXS | B3: 753758 | C3: sample 67 | D3: 73x70 | F3: Day 4 | G3: 45436 | H3: SM36684-1 | I3: Yes | J3: Yes
A4: 75 SAXS | B4: 753759 | C4: sample 75 | D4: 72x53 | F4: Day 4 | G4: 45436 | H4: SM36684-1 | I4: Yes | J4: Yes
A5: 302 | B5: 753760 | C5: Sample 302 | D5: 155x60 | F5: T5224 Day 10 | G5: 45436 | H5: SM36684-1 | I5: Yes | J5: Yes
A6: 303 | B6: 753766 | C6: sample 303 | D6: 57x72 | F6: Vehicle Day 10 | G6: 45436 | H6: SM36684-1 | I6: Yes | J6: Yes
A7: 304 | B7: 753767 | C7: sample 304 | D7: 72x77 | F7: T5224 Day 10 | G7: 45436 | H7: SM36684-1 | I7: Yes | J7: Yes
A8: 306 | B8: 753768 | C8: sample 306 | D8: 57x75 | F8: T5224 Day 10 | G8: 45436 | H8: SM36684-1 | I8: Yes | J8: Yes
A9: 307 | B9: 753775 | C9: sample 307 | D9: 58x94 | F9: Vehicle Day 10 | G9: 45436 | H9: SM36684-1 | I9: Yes | J9: Yes
A10: 309 | B10: 753774 | C10: sample 309 | D10: 55x59 | F10: Vehicle Day 10 | G10: 45436 | H10: SM36684-1 | I10: Yes | J10: Yes
A11: 310 | B11: 753770 | C11: sample 310 | D11: 71x51 | F11: Vehicle Day 10 | G11: 45436 | H11: SM36684-1 | I11: Yes | J11: Yes
A12: 301 | B12: 753786 | C12: sample 301b | D12: 74x86 | F12: T5224 Day 10 | G12: 45436 | H12: SM36684-1 | I12: Yes | J12: Yes
A13: 301 | B13: 753785 | C13: sample 301a | D13: 171x86 | H13: SM36684-1 | I13: Yes
A14: 308 | B14: 753769 | C14: sample 308 | D14: 77x47 | F14: Vehicle Day 10 | G14: 45436 | H14: SM36684-1 | I14: Yes
A15: 312 | B15: 753777 | C15: sample 312 | D15: 71x60 | F15: Day 4 | G15: 45436 | H15: SM36684-1 | I15: Yes
A16: 320 | B16: 753788 | C16: sample 320 | D16: 131x63 | F16: Day 7 | G16: 45436 | H16: SM36684-1 | I16: Yes
A17: 322 | B17: 753781 | C17: sample 322 | D17: 124x63 | F17: Day 14 | G17: 45436 | H17: SM36684-1 | I17: Yes
A18: 98 SAXS | B18: 753783 | C18: sample 98 | D18: 141x63 | F18: Day 14 | G18: 45436 | H18: SM36684-1 | I18: Yes
A19: 152(2) SAXS-2 | B19: 753790 | C19: sample 152 | D19: 141x63 | F19: Day 7 | G19: 45436 | H19: SM36684-1 | I19: Yes
A20: 305 | B20: 753831 | C20: sample 305 | D20: 136x96 | F20: T5224 Day 10 | G20: 45436 | H20: SM36684-1 | I20: Yes
A21: 153(3) SAXS-2 | B21: 753792 | C21: sample 153 | D21: 161x50 | F21: Day 7 | G21: 45436 | H21: SM36684-1 | I21: Yes
A22: 165(15) SAXS-2 | B22: 753793 | C22: sample 165 | D22: 161x50 | F22: Day 21 | G22: 45436 | H22: SM36684-1 | I22: Yes
A23: 311 | B23: 753795 | C23: sample 311 | D23: 115x75 | F23: Day 4 | G23: 45436 | H23: SM36684-1 | I23: Yes
A24: 319 | B24: 753797 | C24: sample 319 | D24: 81x106 | F24: Day 7 | G24: 45436 | H24: SM36684-1 | I24: Yes
A25: 79 SAXS | B25: 753830 | C25: sample 79 | D25: 146x57 | F25: Unwounded | G25: 45436 | H25: SM36684-1 | I25: Yes
A26: 71 SAXS | B26: 753828 | C26: sample 71 bottomhalf real sample | D26: 109x58 | F26: Unwounded | G26: 45436 | H26: SM36684-1 | I26: Yes
A27: 78 SAXS | B27: 753829 | C27: sample 78 | D27: 146x52 | F27: Unwounded | G27: 45436 | H27: SM36684-1 | I27: Yes
A28: 61 | B28: 692799 | F28: B1 - Wound day 4 | G28: 45496 | H28: SM33398-1
A29: 64 | B29: 692820 | F29: B1 – outside wound bed | G29: 45496 | H29: SM33398-1
A30: 66 | B30: 692826 | F30: B2 - Wound day 4 | G30: 45496 | H30: SM33398-1
A31: 69 | B31: 692821 | F31: B2 – outside wound bed | G31: 45496 | H31: SM33398-1
A32: 73 | B32: 692762 | F32: B2 – outside wound bed | G32: 45496 | H32: SM33398-1
A33: 74 | B33: 692795 | F33: B3 - Wound day 4 | G33: 45496 | H33: SM33398-1
A34: 80 | B34: 692796 | F34: B1 - Wound day 7 | G34: 45496 | H34: SM33398-1
A35: 83 | B35: 692800 | F35: B2 - Wound day 7 | G35: 45496 | H35: SM33398-1
A36: 90 | B36: 692827 | F36: B4 - Wound day 7 | G36: 45496 | H36: SM33398-1
A37: 96 | B37: 692834 | F37: B2 - Wound day 14 | G37: 45496 | H37: SM33398-1
A38: 97 | B38: 692823 | F38: B2 - Wound day 14 | G38: 45496 | H38: SM33398-1
A39: 100 | B39: 692798 | F39: B3 - Wound day 14 | G39: 45496 | H39: SM33398-1
... A57: 141 | B57: 692778 | F57: B2 – Bleo 3R - 4w (4) | G57: 45496 | H57: SM33398-1
A58: 141(2) | B58: 692779 | F58: same as above | G58: 45496 | H58: SM33398-1
A59: 144 | B59: 692792 | F59: B3 – Bleo 3R - 4w (5) | G59: 45496 | H59: SM33398-1
A60: 145 | B60: 692806 | F60: B3 – Bleo 3R - 4w (5) | G60: 45496 | H60: SM33398-1
A61: 147 | B61: 692784 | F61: B4 – Bleo 4 - PBS MET | G61: 45496 | H61: SM33398-1
A62: 154 | B62: 692785 | F62: B3 – Bleo 4 - BM | G62: 45496 | H62: SM33398-1
A63: 158 | B63: 692776 | F63: B5 – Bleo 3 - 2w | G63: 45496 | H63: SM33398-1
A64: 161 | B64: 692787 | F64: B6 – Bleo 3 - 2w | G64: 45496 | H64: SM33398-1
A65: 171 | B65: 692786 | F65: B2– Bleo 2 – PBS (2) | G65: 45496 | H65: SM33398-1
A66: 174 | B66: 692780 | F66: B3– Bleo 2 – PBS Female | G66: 45496 | H66: SM33398-1
A67: 77 | B67: 725323 | E67: 725336 | F67: B3 – outside wound bed | G67: 45649 | H67: SM34636-1
B68: 725337 | E68: 725395 | G68: 45649 | H68: SM34636-1
A69: 151 | B69: 725786 | E69: 725883 | F69: b1 day 7 | G69: 45649 | H69: SM34636-1
A70: 154 | B70: 725884 | E70: 725941 | F70: b2 day 7 | G70: 45649 | H70: SM34636-1
A71: 157 | B71: 725637 | F71: b1 day 14 | G71: 45649 | H71: SM34636-1
B72: 726637 | E72: 726727
A73: 163 | B73: 725396 | E73: 725488 | F73: b1 day 21 | G73: 45649 | H73: SM34636-1
A74: 166 | B74: 725492 | E74: 725582 | F74: b3 day 21 | G74: 45649 | H74: SM34636-1
A75: 167 | B75: 725586 | E75: 725695 | F75: b4 day 21 | G75: 45649 | H75: SM34636-1
A76: 171 | B76: 725696 | E76: 725785 | F76: b5 day 21 | G76: 45649 | H76: SM34636-1
A79: 302 | B79: 753764 | C79: sample 302 coarse map | D79: 20x38
A80: 302 | B80: 753765 | C80: sample 302 coarse map | D80: 17x30
A81: 320 | B81: 753787 | C81: sample 320 coarse | D81: 21x18
A82: 259 | C82: laser
A83: 260 | C83: laser
A84: 382 | C84: control
A85: 382 | B85: 810531 | C85: control | F85: control | G85: 21/02/2025
A86: 382 | B86: 831532 | C86: control | F86: control | G86: 21/02/2025
A87: 155 | B87: 810533 | C87: fixed control | F87: fixed control | G87: 21/02/2025
A88: 155 | B88: 810534 | C88: fixed control | F88: fixed control | G88: 21/02/2025
A89: 155 | B89: 810535 | C89: fixed control | F89: fixed control | G89: 21/02/2025
A90: 201 | B90: 810536 | C90: wound bed | F90: wound bed | G90: 21/02/2025
A91: 158 | B91: 810537 | C91: 60um control | F91: 60um control | G91: 21/02/2025
A92: air BG | B92: 810538 | C92: air BG on slide | F92: air BG on slide | G92: 21/02/2025
A93: 415 | B93: 810539 | C93: WT B1 | F93: WT B1 | G93: 21/02/2025
A94: 400 | B94: 810540 | C94: KO7 JEB | F94: KO7 JEB | G94: 21/02/2025
A95: 401 | B95: 810541 | C95: KO7 JEB | F95: KO7 JEB | G95: 21/02/2025
A96: 403 | B96: 810542 | C96: KO1 JEB | F96: KO1 JEB | G96: 21/02/2025
A97: 404 | B97: 810543 | C97: KO1 JEB | F97: KO1 JEB | G97: 21/02/2025
A98: 405 | B98: 810544 | C98: KO2 JEB | F98: KO2 JEB | G98: 21/02/2025
A99: 406 | B99: 810545 | C99: KO2 JEB | F99: KO2 JEB | G99: 21/02/2025
A100: 407 | B100: 810546 | C100: KO3 JEB | F100: KO3 JEB | G100: 21/02/2025
B101: 810547 | C101: middle keloid claire stav 1 | F101: middle keloid claire stav 1 | G101: 21/02/2025
B102: 810548 | C102: stav 19/9/24 LE keloid | F102: stav 19/9/24 LE keloid | G102: 21/02/2025
B103: 810549 | C103: Preiclusional keloid 1 3 | F103: Preiclusional keloid 1 3 | G103: 21/02/2025
B104: 810550 | C104: Normal for keloid - d | F104: Normal for keloid - d | G104: 21/02/2025
A105: 408 | B105: 810551 | C105: KO3 JEB | F105: KO3 JEB | G105: 21/02/2025
A106: 409 | B106: 810552 | C106: KO3 JEB | F106: KO3 JEB | G106: 21/02/2025
A107: 409 | B107: 810553 | C107: KO4 JEB | F107: KO4 JEB | G107: 21/02/2025
A108: 410 | B108: 810554 | C108: KO4 JEB | F108: KO4 JEB | G108: 21/02/2025
A109: 411 | B109: 810555 | C109: KO6 JEB | F109: KO6 JEB | G109: 21/02/2025
A110: 412 | B110: 810556 | G110: 21/02/2025
A111: 413 | C111: KO5 JEB | F111: KO5 JEB
A112: 414 | B112: 810557 | C112: KO5 JEB | F112: KO5 JEB | G112: 21/02/2025
A113: 414 | B113: 810558 | C113: KO5 JEB | F113: KO5 JEB | G113: 21/02/2025
A114: 414 | B114: 810559 | C114: KO5 JEB | F114: KO5 JEB | G114: 21/02/2025
A115: 416 | B115: 810560 | G115: 21/02/2025
A116: 417
A117: 418 | C117: WT B3 | F117: WT B3
A118: 418 | B118: 810561 | C118: WT B3 | F118: WT B3 | G118: 21/02/2025
A119: 418 | B119: 810562 | C119: WT B3 | F119: WT B3 | G119: 21/02/2025
...

Sheet by SAMPLE (all)
A1: NUMBER | B1: WOUNDING | D1: AGING | F1: BLEOMYCIN | H1: DIGESTED | J1: VEHICLE | L1: PLAIN | N1: AP1 | P1: JEB | R1: LASER | U1: WOUNDING | W1: AGING | Y1: BLEOMYCIN | AA1: DIGESTED | AC1: VEHICLE | AE1: PLAIN | AG1: AP1 | AI1: JEB | AK1: LASER
B2: Sample Label | C2: Description | D2: Sample Label | E2: Description | F2: Sample Label | G2: Description | H2: Sample Label | I2: Description | J2: Sample Label | K2: Description | L2: Sample Label | M2: Description | N2: Sample Label | O2: Description | P2: Sample Label | Q2: Description | R2: Sample Label | S2: Description | T2: Number | U2: Sample Label | V2: Description | W2: Sample Label | X2: Description | Y2: Sample Label | Z2: Description | AA2: Sample Label | AB2: Description | AC2: Sample Label | AD2: Description | AE2: Sample Label | AF2: Description | AG2: Sample Label | AH2: Description | AI2: Sample Label | AJ2: Description | AK2: Sample Label | AL2: Description
A3: 1 | B3: {=_xlfn._xlws.FILTER(MANIFEST!A:A, ISNUMBER(SEARCH("wounding", MANIFEST!E:E)), "No results")} -> 16 F PW 7 | C3: {=_xlfn._xlws.FILTER(MANIFEST!G:G, ISNUMBER(SEARCH("wounding", MANIFEST!E:E)), "No results")} -> Day 7 | D3: {=_xlfn._xlws.FILTER(MANIFEST!A:A, ISNUMBER(SEARCH("aging", MANIFEST!E:E)), "No results")} -> 40 N | E3: {=_xlfn._xlws.FILTER(MANIFEST!G:G, ISNUMBER(SEARCH("aging", MANIFEST!E:E)), "No results")} -> E16.5 | F3: {=_xlfn._xlws.FILTER(MANIFEST!A:A, ISNUMBER(SEARCH("bleomycin", MANIFEST!E:E)), "No results")} -> 46 P | G3: {=_xlfn._xlws.FILTER(MANIFEST!G:G, ISNUMBER(SEARCH("bleomycin", MANIFEST!E:E)), "No results")} -> 2W | H3: {=_xlfn._xlws.FILTER(MANIFEST!A:A, ISNUMBER(SEARCH("digestion", MANIFEST!E:E)), "No results")} -> 1 A - Undigested | I3: {=_xlfn._xlws.FILTER(MANIFEST!G:G, ISNUMBER(SEARCH("digestion", MANIFEST!E:E)), "No results")} -> 14 days digested | J3: {=_xlfn._xlws.FILTER(MANIFEST!A:A, ISNUMBER(SEARCH("vehicle", MANIFEST!E:E)), "No results")} -> No results | K3: {=_xlfn._xlws.FILTER(MANIFEST!G:G, ISNUMBER(SEARCH("vehicle", MANIFEST!E:E)), "No results")} -> No results | L3: {=_xlfn._xlws.FILTER(MANIFEST!A:A, ISNUMBER(SEARCH("plain", MANIFEST!E:E)), "No results")} -> 1 Paper | M3: {=_xlfn._xlws.FILTER(MANIFEST!G:G, ISNUMBER(SEARCH("plain", MANIFEST!E:E)), "No results")} -> Plain | N3: {=_xlfn._xlws.FILTER(MANIFEST!A:A, ISNUMBER(SEARCH("AP1", MANIFEST!E:E)), "No results")} -> 16 F ap1 | O3: {=_xlfn._xlws.FILTER(MANIFEST!G:G, ISNUMBER(SEARCH("AP1", MANIFEST!E:E)), "No results")} -> T5224 Day 10 | P3: {=_xlfn._xlws.FILTER(MANIFEST!A:A, ISNUMBER(SEARCH("JEB", MANIFEST!E:E)), "No results")} -> 375B | Q3: {=_xlfn._xlws.FILTER(MANIFEST!G:G, ISNUMBER(SEARCH("JEB", MANIFEST!E:E)), "No results")} -> JEB | R3: {=_xlfn._xlws.FILTER(MANIFEST!A:A, ISNUMBER(SEARCH("LASER", MANIFEST!E:E)), "No results")} -> 255 | S3: {=_xlfn._xlws.FILTER(MANIFEST!G:G, ISNUMBER(SEARCH("LASER", MANIFEST!E:E)), "No results")} -> Incision | T3: 1 | U3: {=_xlfn._xlws.FILTER(MANIFEST!T:T, ISNUMBER(SEARCH("wounding", MANIFEST!X:X)), "No results")} -> No results | V3: {=_xlfn._xlws.FILTER(MANIFEST!Y:Y, ISNUMBER(SEARCH("wounding", MANIFEST!X:X)), "No results")} -> No results | W3: {=_xlfn._xlws.FILTER(MANIFEST!T:T, ISNUMBER(SEARCH("aging", MANIFEST!X:X)), "No results")} -> No results | X3: {=_xlfn._xlws.FILTER(MANIFEST!Y:Y, ISNUMBER(SEARCH("aging", MANIFEST!X:X)), "No results")} -> No results | Y3: {=_xlfn._xlws.FILTER(MANIFEST!T:T, ISNUMBER(SEARCH("bleomycin", MANIFEST!X:X)), "No results")} -> No results | Z3: {=_xlfn._xlws.FILTER(MANIFEST!Y:Y, ISNUMBER(SEARCH("bleomycin", MANIFEST!X:X)), "No results")} -> No results | AA3: {=_xlfn._xlws.FILTER(MANIFEST!T:T, ISNUMBER(SEARCH("digestion", MANIFEST!X:X)), "No results")} -> No results | AB3: {=_xlfn._xlws.FILTER(MANIFEST!Y:Y, ISNUMBER(SEARCH("digestion", MANIFEST!X:X)), "No results")} -> No results | AC3: {=_xlfn._xlws.FILTER(MANIFEST!T:T, ISNUMBER(SEARCH("vehicle", MANIFEST!X:X)), "No results")} -> No results | AD3: {=_xlfn._xlws.FILTER(MANIFEST!Y:Y, ISNUMBER(SEARCH("vehicle", MANIFEST!X:X)), "No results")} -> No results | AE3: {=_xlfn._xlws.FILTER(MANIFEST!T:T, ISNUMBER(SEARCH("plain", MANIFEST!X:X)), "No results")} -> No results | AF3: {=_xlfn._xlws.FILTER(MANIFEST!Y:Y, ISNUMBER(SEARCH("plain", MANIFEST!X:X)), "No results")} -> No results | AG3: {=_xlfn._xlws.FILTER(MANIFEST!T:T, ISNUMBER(SEARCH("AP1", MANIFEST!X:X)), "No results")} -> No results | AH3: {=_xlfn._xlws.FILTER(MANIFEST!Y:Y, ISNUMBER(SEARCH("AP1", MANIFEST!X:X)), "No results")} -> No results | AI3: {=_xlfn._xlws.FILTER(MANIFEST!T:T, ISNUMBER(SEARCH("JEB", MANIFEST!X:X)), "No results")} -> No results | AJ3: {=_xlfn._xlws.FILTER(MANIFEST!Y:Y, ISNUMBER(SEARCH("JEB", MANIFEST!X:X)), "No results")} -> No results | AK3: {=_xlfn._xlws.FILTER(MANIFEST!W:W, ISNUMBER(SEARCH("JEB", MANIFEST!AA:AA)), "No results")} -> No results | AL3: {=_xlfn._xlws.FILTER(MANIFEST!AB:AB, ISNUMBER(SEARCH("JEB", MANIFEST!AA:AA)), "No results")} -> No results
A4: 2 | B4: 17 F PW 7 | C4: Day 7 | D4: 41 N | E4: E16.5 | F4: 47 P | G4: 2W | H4: 2 A - Undigested | I4: 14 days digested | L4: 2 Paper | M4: Plain | N4: 17 F ap1 | O4: T5224 Day 10 | P4: 376 | Q4: JEB | R4: 256 | S4: Incision | T4: 2
A5: 3 | B5: 18 F PW 7 | C5: Day 7 | D5: 42 N | E5: E16.5 | F5: 48 P | G5: 2W | H5: 3 A - Undigested | I5: 14 days digested | L5: 3 Paper | M5: Plain | N5: 18 G ap1 | O5: T5224 Day 10 | P5: 377 | Q5: JEB | R5: 257 | S5: Incision | T5: 3
A6: 4 | B6: S1 SAXS 1 | C6: Day 7 | D6: 43 O | E6: E16.5 | F6: 49 Q | G6: 2W | H6: 4 B - Undigested | I6: 21 days digested | L6: 4 Paper | M6: Plain | N6: 19 G ap1 | O6: T5224 Day 10 | P6: 378 | Q6: JEB | R6: 258 | S6: Incision | T6: 4
A7: 5 | B7: S2 SAXS 2 | C7: Day 7 | D7: 44 O | E7: E16.5 | F7: 50 Q | G7: 2W | H7: 5 B - Undigested | I7: 21 days digested | L7: 5 Paper | M7: Plain | N7: 20 H ap1 | O7: Vehicle Day 10 | P7: 379 | Q7: JEB | R7: 259 | S7: Incision | T7: 5
A8: 6 | B8: S3 SAXS 3 | C8: Day 7 | D8: 45 O | E8: E16.5 | F8: 51 R | G8: 2W | H8: 6 B - Undigested | I8: 21 days digested | L8: 6 Paper | M8: Plain | N8: 21 H ap1 | O8: Vehicle Day 10 | P8: 380 | Q8: JEB | R8: 260 | S8: Incision | T8: 6
A9: 7 | B9: S4 SAXS 4 | C9: Unwounded | D9: 66 W | E9: E16.5 | F9: 52 R | G9: 2W | H9: 7 C - Digested | I9: 24hr digested | L9: 7 Paper | M9: Plain | N9: 22 H ap1 | O9: Vehicle Day 10 | P9: 381 | Q9: JEB | R9: 261 | S9: Incision | T9: 7
A10: 8 | B10: S5 SAXS 5 | C10: Unwounded | D10: 67 W | E10: E16.5 | F10: 53 R | G10: 2W | H10: 8 C - Digested | I10: 24hr digested | L10: 8 Paper | M10: Plain | N10: 23 H ap1 | O10: Vehicle Day 10 | P10: 382 | Q10: JEB | R10: 262 | S10: Incision | T10: 8
A11: 9 | B11: S6 SAXS 6 | C11: Unwounded | D11: 68 W | E11: E16.5 | F11: 54 S | G11: 4W | H11: 9 C - Digested | I11: 24hr digested | L11: 9 Paper | M11: Plain | N11: 301 | O11: T5224 Day 10 | P11: 383 | Q11: JEB | R11: 263 | S11: Incision | T11: 9
A12: 10 | B12: S7 SAXS 7 | C12: Unwounded | D12: 69 X | E12: PN10 | F12: 55 S | G12: 4W | H12: 10 D - Digested | I12: 48hr digested | L12: 10 Paper | M12: Plain | N12: 302 | O12: T5224 Day 10 | P12: 384 | Q12: JEB | R12: 264 | S12: Incision | T12: 10
A13: 11 | B13: S8 SAXS 8 | C13: Unwounded | D13: 70 X | E13: PN10 | F13: 56 S | G13: 4W | H13: 11 D - Digested | I13: 48hr digested | L13: 11 Paper | M13: Plain | N13: 303 | O13: Vehicle Day 10 | P13: 385 | Q13: JEB | R13: 265 | S13: Incision | T13: 11
A14: 12 | B14: 19 G | C14: Unwounded | D14: 71 X | E14: PN10 | F14: 57 T | G14: 4W | H14: 12 D - Digested | I14: 48hr digested | L14: 12 Paper | M14: Plain | N14: 304 | O14: T5224 Day 10 | P14: 386 | Q14: JEB | R14: 266 | S14: Incision | T14: 12
A15: 13 | B15: 20 G | C15: Unwounded | D15: 72 Y | E15: PN10 | F15: 58 T | G15: 4W | H15: 13 E - Digested | I15: 48hr digested | L15: 13 Paper | M15: Plain | N15: 305 | O15: T5224 Day 10 | P15: 387 | Q15: JEB | R15: 267 | S15: Incision | T15: 13
A16: 14 | B16: 21 G | C16: Unwounded | D16: 73 Y | E16: PN10 | F16: 59 T | G16: 4W | H16: 14 E - Digested | I16: 48hr digested | L16: 14 Paper | M16: Plain | N16: 306 | O16: T5224 Day 10 | P16: 388 | Q16: JEB | R16: 268 | S16: Incision | T16: 14
A17: 15 | B17: 22 H | C17: Unwounded | D17: 74 Y | E17: PN10 | F17: 60 U | G17: PBS | H17: 15 E - Digested | I17: 48hr digested | L17: 15 Paper | M17: Plain | N17: 307 | O17: Vehicle Day 10 | P17: 389 | Q17: JEB | R17: 1H | S17: Incision | T17: 15
A18: 16 | B18: 23 H | C18: Unwounded | D18: P2 1 | E18: PN2 | F18: 61 U | G18: PBS | L18: 16 Paper | M18: Plain | N18: 308 | O18: Vehicle Day 10 | P18: 390 | Q18: JEB | R18: 2H | S18: Incision | T18: 16
A19: 17 | B19: 24 H | C19: Unwounded | D19: E18.5 | E19: E18.5 | F19: 62 U | G19: PBS | L19: 17 Paper | M19: Plain | N19: 309 | O19: Vehicle Day 10 | P19: 391 | Q19: JEB | R19: 3H | S19: Incision | T19: 17
A20: 18 | B20: 25 I | C20: Day 7 | D20: 1 SAXS | E20: PN2 | F20: 63 V | G20: PBS | L20: 18 Paper | M20: Plain | N20: 310 | O20: Vehicle Day 10 | P20: 392 | Q20: JEB | R20: 4H | S20: Incision | T20: 18
A21: 19 | B21: 26 I | C21: Day 7 | D21: 2 SAXS | E21: PN2 | F21: 64 V | G21: PBS | L21: 19 Paper | M21: Plain | N21: 200 | O21: T5224 Day 10 | P21: 393 | Q21: JEB | R21: 5H | S21: Incision | T21: 19
A22: 20 | B22: 27 I | C22: Day 7 | D22: 3 SAXS | E22: PN2 | F22: 65 V | G22: PBS | L22: 20 Paper | M22: Plain | N22: 201 | O22: Vehicle Day 10 | P22: 394 | Q22: JEB | R22: 6H | S22: Incision | T22: 20
A23: 21 | B23: 28 J | C23: Unwounded | D23: 4 SAXS | E23: PN2 | F23: 75 Z | G23: 4W | L23: 21 Paper | M23: Plain | N23: 202 | O23: T5224 Day 10 | P23: 400 | Q23: JEB | R23: 7H | S23: Incision | T23: 21
A24: 22 | B24: 29 J | C24: Unwounded | D24: 5 SAXS | E24: PN2 | F24: 76 Z | G24: 4W | L24: 22 Paper | M24: Plain | N24: 203 | O24: T5224 Day 10 | P24: 401 | Q24: JEB | R24: 8H | S24: Incision | T24: 22
A25: 23 | B25: 30 J | C25: Unwounded | D25: 6 SAXS | E25: PN2 | F25: 77 Z | G25: 4W | L25: 23 Paper | M25: Plain | N25: 204 | O25: Vehicle Day 10 | P25: 402 | Q25: JEB | R25: 9H | S25: Incision | T25: 23
A26: 24 | B26: 31 K | C26: Day 7 | D26: 7 SAXS | E26: PN2 | F26: 78 Z | G26: 4W | L26: 24 Paper | M26: Plain | N26: 205 | O26: Vehicle Day 10 | P26: 403 | Q26: JEB | R26: 10H | S26: Incision | T26: 24
A27: 25 | B27: 32 K | C27: Day 7 | D27: 8 SAXS | E27: PN2 | F27: 79 AA | G27: 4W | L27: 25 Paper | M27: Plain | N27: 269A | O27: T5224 Day 10 | P27: 404 | Q27: JEB | R27: 2a | S27: Incision | T27: 25
A28: 26 | B28: 33 K | C28: Day 7 | D28: 9 SAXS | E28: PN2 | F28: 80 AA | G28: 4W | L28: 26 Paper | M28: Plain | N28: 270A | O28: Vehicle Day 10 | P28: 405 | Q28: JEB | R28: 2b | S28: Incision | T28: 26
A29: 27 | B29: 34 L | C29: Unwounded | D29: 10 SAXS | E29: E16.5 | F29: 81 AA | G29: 4W | L29: 27 Paper | M29: Plain | N29: 271A | O29: T5224 Day 10 | P29: 406 | Q29: JEB | R29: 2c | S29: Incision | T29: 27
A30: 28 | B30: 35 L | C30: Unwounded | D30: 11 SAXS | E30: E16.5 | F30: 82 AA | G30: 4W | L30: 28 Paper | M30: Plain | N30: 272A | O30: T5224 Day 10 | P30: 407 | Q30: JEB | T30: 28
A31: 29 | B31: 36 L | C31: Unwounded | D31: 12 SAXS | E31: E16.5 | F31: 83 AB | G31: PBS | L31: 29 Paper | M31: Plain | N31: 273A | O31: T5224 Day 10 | P31: 408 | Q31: JEB | T31: 29
A32: 30 | B32: 37 M | C32: Day 7 | D32: 13 SAXS | E32: E16.5 | F32: 84 AB | G32: PBS | L32: 30 Paper | M32: Plain | N32: 274A | O32: T5224 Day 10 | P32: 409 | Q32: JEB | T32: 30
A33: 31 | B33: 38 M | C33: Day 7 | D33: 14 SAXS | E33: E16.5 | F33: 85 AB | G33: PBS | L33: 31 Paper | M33: Plain | N33: 275A | O33: Vehicle Day 10 | P33: 410 | Q33: JEB | T33: 31
A34: 32 | B34: 39 M | C34: Day 7 | D34: 15 SAXS | E34: E16.5 | F34: 86 AB | G34: PBS | L34: 32 Paper | M34: Plain | N34: 276A | O34: T5224 Day 10 | P34: 411 | Q34: JEB | T34: 32
A35: 33 | B35: 151 AF | C35: Day 7 | D35: 16 SAXS | E35: E16.5 | F35: 87 AC | G35: PBS | L35: 33 Paper | M35: Plain | N35: 277A | O35: Vehicle Day 10 | P35: 412 | Q35: JEB | T35: 33
A36: 34 | B36: 152 AF | C36: Day 7 | D36: 17 SAXS | E36: E16.5 | F36: 88 AC | G36: PBS | L36: 34 Paper | M36: Plain | N36: 278A | O36: CL Day 21 | P36: 413 | Q36: JEB | T36: 34
A37: 35 | B37: 153 AF | C37: Day 7 | D37: 18 SAXS | E37: E16.5 | F37: 89 AC | G37: PBS | L37: 35 Paper | M37: Plain | N37: 279A | O37: Acetone Day 21 | P37: 414 | Q37: JEB | T37: 35
A38: 36 | B38: 154 AF | C38: Day 7 | D38: 19 SAXS | E38: E16.5 | F38: 90 AD | G38: PBS | L38: 36 Paper | M38: Plain | N38: 280A | O38: Acetone Day 21 | P38: 415 | Q38: JEB | T38: 36
A39: 37 | B39: 155 AG | C39: Day 14 | D39: 20 SAXS | E39: E16.5 | F39: 91 AE | G39: PBS | L39: 37 Paper | M39: Plain | N39: 281A | O39: CL Day 21 | P39: 416 | Q39: JEB | T39: 37
A40: 38 | B40: 156 AG | C40: Day 14 | D40: 21 SAXS | E40: PN10 | F40: 92 AE | G40: PBS | L40: 38 Paper | M40: Plain | N40: 282A | O40: CL Day 21 | P40: 417 | Q40: JEB | T40: 38
A41: 39 | B41: 157 AG | C41: Day 14 | D41: 22 SAXS | E41: PN10 | F41: 93 AE | G41: PBS | L41: 39 Paper | M41: Plain | N41: 283A | O41: Acetone Day 21 | P41: 418 | Q41: JEB | T41: 39
... A57: 55 | B57: 65 SAXS | C57: Unwounded | D57: 38 SAXS | E57: E18.5 | F57: 134 SAXS | G57: BM | L57: 55 Paper | M57: Plain | N57: 303A | O57: Vehicle Day 10 | P57: 434 | Q57: JEB | T57: 55
A58: 56 | B58: 66 SAXS | C58: Day 4 | D58: 39 SAXS | E58: PN10 | F58: 135 SAXS | G58: BM | L58: 56 Paper | M58: Plain | N58: 447 | O58: CL | P58: 435 | Q58: JEB | T58: 56
A59: 57 | B59: 67 SAXS | C59: Day 4 | D59: 40 SAXS | E59: PN10 | F59: 138 SAXS | G59: 2W | L59: 359 | M59: Day 7 | N59: 448 | O59: CL | P59: 436 | Q59: JEB | T59: 57
A60: 58 | B60: 68 SAXS | C60: Day 4 | D60: 41 SAXS | E60: PN10 | F60: 139 SAXS | G60: 2W | L60: 360 | M60: Plain | N60: 449 | O60: CL | P60: 469 | Q60: KO Day14 | T60: 58
A61: 59 | B61: 69 SAXS | C61: Unwounded | D61: 42 SAXS | E61: PN10 | F61: 140 SAXS | G61: 2W | L61: 361 | M61: Plain | N61: 450 | O61: CL | P61: 470 | Q61: KO Day14 | T61: 59
A62: 60 | B62: 70 SAXS | C62: Unwounded | D62: 43 SAXS | E62: PN10 | F62: 141 SAXS | G62: 4W | L62: 362 | M62: Plain | N62: 451 | O62: AC | P62: 471 | Q62: KO Day14 | T62: 60
A63: 61 | B63: 71 SAXS | C63: Unwounded | D63: 44 SAXS | E63: PN10 | F63: 142 SAXS | G63: 4W | L63: 363 | M63: Plain | N63: 452 | O63: AC | P63: 472 | Q63: WT Day10 | T63: 61
A64: 62 | B64: 72 SAXS | C64: Unwounded | D64: 45 SAXS | E64: PN10 | F64: 143 SAXS | G64: 4W | L64: 364 | M64: Plain | N64: 453 | O64: AC | P64: 473 | Q64: WT Day10 | T64: 62
A65: 63 | B65: 73 SAXS | C65: Unwounded | D65: 46 SAXS | E65: PN10 | F65: 144 SAXS | G65: 4W | N65: 454 | O65: AC | P65: 474 | Q65: WT Day10 | T65: 63
A66: 64 | B66: 74 SAXS | C66: Day 4 | D66: 47 SAXS | E66: PN10 | F66: 145 SAXS | G66: 4W | P66: 475 | Q66: WT Day10 | T66: 64
A67: 65 | B67: 75 SAXS | C67: Day 4 | D67: 110 SAXS | E67: PN4 | F67: 146 SAXS | G67: 4W | P67: 476 | Q67: WT Day10 | T67: 65
A68: 66 | B68: 76 SAXS | C68: Day 4 | D68: 111 SAXS | E68: PN4 | F68: 147 SAXS | G68: PBSMET | P68: 477 | Q68: WT Day10 | T68: 66
A69: 67 | B69: 77 SAXS | C69: Unwounded | D69: 112 SAXS | E69: PN4 | F69: 148 SAXS | G69: PBSMET | P69: 478 | Q69: KO Day10 | T69: 67
A70: 68 | B70: 78 SAXS | C70: Unwounded | D70: 113 SAXS | E70: PN4 | F70: 149 SAXS | G70: PBSMET | P70: 479 | Q70: KO Day10 | T70: 68
A71: 69 | B71: 79 SAXS | C71: Unwounded | D71: 114 SAXS | E71: PN4 | F71: 150 SAXS | G71: 2W | P71: 480 | Q71: KO Day10 | T71: 69
A72: 70 | B72: 80 SAXS | C72: Day 7 | D72: 115 SAXS | E72: PN4 | F72: 151 SAXS | G72: 2W | P72: 481 | Q72: KO Day10 | T72: 70
A73: 71 | B73: 81 SAXS | C73: Day 7 | D73: 116 SAXS | E73: PN4 | F73: 152 SAXS | G73: 2W | P73: 482 | Q73: KO Day10 | T73: 71
A74: 72 | B74: 82 SAXS | C74: Day 7 | D74: 117 SAXS | E74: PN4 | F74: 153 SAXS | G74: BM | P74: 483 | Q74: KO Day10 | T74: 72
A75: 73 | B75: 83 SAXS | C75: Day 7 | D75: 118 SAXS | E75: PN4 | F75: 154 SAXS | G75: BM | P75: 484 | Q75: KO Day10 | T75: 73
A76: 74 | B76: 84 SAXS | C76: Day 7 | D76: 313 | E76: PN2 | F76: 155 SAXS | G76: BM | P76: 485 | Q76: KO Day10 | T76: 74
A77: 75 | B77: 85 SAXS | C77: Day 7 | D77: 314 | E77: E16.5 | F77: 156 SAXS | G77: 2W | P77: 486 | Q77: KO Day10 | T77: 75
A78: 76 | B78: 86 SAXS | C78: Day 7 | D78: 315 | E78: E16.5 | F78: 157 SAXS | G78: 2W | P78: 487 | Q78: WT Day10 | T78: 76
A79: 77 | B79: 87 SAXS | C79: Day 7 | D79: 316 | E79: PN10 | F79: 158 SAXS | G79: 2W | P79: 488 | Q79: WT Day10 | T79: 77
A80: 78 | B80: 88 SAXS | C80: Day 7 | D80: 317 | E80: E18.5 | F80: 159 SAXS | G80: 2W | P80: 489 | Q80: WT Day10 | T80: 78
A81: 79 | B81: 89 SAXS | C81: Day 7 | D81: 318 | E81: E18.5 | F81: 160 SAXS | G81: 2W | P81: 490 | Q81: KO Day10 | T81: 79
A82: 80 | B82: 90 SAXS | C82: Day 7 | D82: 247 | E82: PN2 | F82: 161 SAXS | G82: 2W | P82: 491 | Q82: KO Day10 | T82: 80
A83: 81 | B83: 91 SAXS | C83: Day 7 | D83: 248 | E83: PN2 | F83: 162 SAXS | G83: 2W | P83: 492 | Q83: KO Day10 | T83: 81
A84: 82 | B84: 92 SAXS | C84: Day 14 | D84: 249 | E84: PN2 | F84: 170 SAXS | G84: PBS | P84: 493 | Q84: KO Day4 | T84: 82
A85: 83 | B85: 93 SAXS | C85: Day 14 | D85: 250 | E85: PN2 | F85: 171 SAXS | G85: PBS | P85: 494 | Q85: KO Day4 | T85: 83
A86: 84 | B86: 94 SAXS | C86: Day 14 | D86: 251 | E86: PN2 | F86: 172 SAXS | G86: PBS | P86: 495 | Q86: KO Day4 | T86: 84
A87: 85 | B87: 95 SAXS | C87: Day 14 | D87: 252 | E87: PN2 | F87: 173 SAXS | G87: PBS | P87: 496 | Q87: WT Day4 | T87: 85
... A89: 87 | B89: 97 SAXS | C89: Day 14 | D89: 254 | E89: E18.5 | F89: 175 SAXS | G89: PBS | P89: 498 | Q89: WT Day4 | T89: 87
A90: 88 | B90: 98 SAXS | C90: Day 14 | D90: P2 1 | E90: PN2 | F90: 304A | G90: 4W | P90: 499 | Q90: KO Day4 | T90: 88
A91: 89 | B91: 99 SAXS | C91: Day 14 | D91: P0 2 | E91: PN0 | F91: 305A | G91: PBS | P91: 500 | Q91: KO Day4 | T91: 89
A92: 90 | B92: 100 SAXS | C92: Day 14 | D92: E18.5 3 | E92: E18.5 | F92: 306A | G92: 2W | P92: 501 | Q92: KO Day4 | T92: 90
A93: 91 | B93: 101 SAXS | C93: Day 14 | D93: E18.5 4 | E93: E18.5 | F93: 307A | G93: 4W | P93: 502 | Q93: WT Day4 | T93: 91
A94: 92 | B94: 102 SAXS | C94: Day 14 | F94: 308A | G94: PBS | P94: 503 | Q94: WT Day4 | T94: 92
A95: 93 | B95: 103 SAXS | C95: Day 10 | F95: 309A | G95: PBS | P95: 504 | Q95: WT Day4 | T95: 93
A96: 94 | B96: 104 SAXS | C96: Day 10 | F96: 310A | G96: PBS | P96: 505 | Q96: WT Day4 | T96: 94
A97: 95 | B97: 105 SAXS | C97: Day 10 | F97: 311A | G97: 2W | P97: 506 | Q97: WT Day4 | T97: 95
A98: 96 | B98: 106 SAXS | C98: Day 10 | F98: 312A | G98: 2W | P98: 507 | Q98: WT Day4 | T98: 96
A99: 97 | B99: 107 SAXS | C99: Day 10 | F99: 313A | G99: 4W | P99: 508 | Q99: KO Day4 | T99: 97
A100: 98 | B100: 108 SAXS | C100: Day 10 | F100: 314A | G100: 4W + OKN-007 | P100: 509 | Q100: KO Day4 | T100: 98
A101: 99 | B101: 109 SAXS | C101: Day 10 | F101: 315A | G101: 4W + OKN-007 | P101: 510 | Q101: KO Day4 | T101: 99
A102: 100 | B102: 151(1) SAXS-2 | C102: Day 7 | F102: 316A | G102: 4W + OKN-007 | P102: 511 | Q102: WT Day4 | T102: 100
A103: 101 | B103: 152(2) SAXS-2 | C103: Day 7 | F103: 317A | G103: 4W + OKN-007 | P103: 512 | Q103: WT Day4 | T103: 101
A104: 102 | B104: 153(3) SAXS-2 | C104: Day 7 | F104: 318A | G104: 4W + OKN-007 | P104: 513 | Q104: WT Day4 | T104: 102
A105: 103 | B105: 154(4) SAXS-2 | C105: Day 7 | F105: 319A | G105: 4W | P105: 514 | Q105: KO Day4 | T105: 103
... A117: 115 | B117: 166(16) SAXS-2 | C117: Day 21 | F117: 331a | G117: BM | P117: 526 | Q117: KO Day19 | T117: 115
A118: 116 | B118: 167(17) SAXS-2 | C118: Day 21 | F118: 332 | G118: 4W | P118: 527 | Q118: KO Day19 | T118: 116
A119: 117 | B119: 168(18) SAXS-2 | C119: Day 21 | F119: 333a | G119: BM | P119: 528 | Q119: KO Day19 | T119: 117
A120: 118 | B120: 169(19) SAXS-2 | C120: Day 21 | F120: 334a | G120: BM | P120: 529 | Q120: KO Day19 | T120: 118
A121: 119 | B121: 170(20) SAXS-2 | C121: Day 21 | F121: 335a | G121: 4W | P121: 530 | Q121: KO Day19 | T121: 119
A122: 120 | B122: 171(21) SAXS-2 | C122: Day 21 | F122: 336a | G122: 4W | P122: 531 | Q122: KO Day19 | T122: 120
A123: 121 | B123: 172(22) SAXS-2 | C123: Day 21 | F123: 337a | G123: 4W | P123: 532 | Q123: WT Day19 | T123: 121
B124: 311 | C124: Day 4 | F124: 338a | G124: 4W | P124: 533 | Q124: WT Day19
B125: 312 | C125: Day 4 | F125: 339a | G125: PBSOKN | P125: 534 | Q125: WT Day19
B126: 319 | C126: Day 7 | F126: 340a | G126: PBSOKN | P126: 535 | Q126: WT Day19
B127: 320 | C127: Day 7 | F127: 341a | G127: PBS | P127: 536 | Q127: WT Day19
...

Sheet Sample Types
A1: Group | C1: WOUNDING | E1: AGING | G1: BLEOMYCIN | I1: DIGESTED | K1: VEHICLE | M1: PLAIN | O1: AP1 | Q1: JEB | S1: LASER
A2: Explanation | C2: Wounding time course. Adult mice in vivo 2mm biopsy punch into back skin. Euthanised at x days post wounding. | E2: Aging time course. Mice euthanised at x days pre or post birth. (E19 = average day of birth) | G2: Bleomycin treated course. Adult mice treated with bleomycin drug to induce fibrosis for 2 weeks or 4 weeks. Metformin treated may reduce fibrosis. | I2: Digestion time course. Human surgical waste skin are digested using enzyme for set time. | K2: Vehicle course. Adult mice treated with T5224 course and vehicle control. | M2: Controls for all groups. Usually Adult mice with no conditions or treatments. | O2: AP1 inhibtied wounding time course. Adult mice in vivo 2mm biopsy punch into back skin and treated with an AP1 inhibitor. Euthanised at 10 and 21 days post wounding. | Q2: JEB model wounding time course. Adult mice in vivo 2mm biopsy punch into back skin and treated with an drug to induce JEB symptoms. Euthanised at x days post wounding. | S2: Laser course. Adult mouse back skin excised, and cut laterally with scalpel to xmm depth. Laser scanned using xx parameters to see collagen reconsitution.
A3: How to scan | B3: NI | C3: Scan vertical line through entire width avoiding hairs | E3: Scan vertical line through entire width avoiding hairs | G3: Scan through fibrotic regions through full thickness avoiding hairs | I3: Scan digested regions of tissue near digested edges and away | K3: Scan vertical line through entire width avoiding hairs | M3: Scan vertical line through entire width avoiding hairs | O3: Scan vertical line through entire width avoiding hairs | Q3: Scan vertical line through entire width avoiding hairs
B4: RAMAN | C4: Scan central wound bed, edges of wound (both top and bottom and left and right), and outside the WB. | E4: Scan vertically through entire width avoiding hairs | G4: Scan through fibrotic regions through full thickness avoiding hairs | I4: Scan digested regions of tissue near digested edges and away | K4: Scan central wound bed, edges of wound (both top and bottom and left and right), and outside the WB. | M4: Scan vertical line through entire width avoiding hairs | O4: Scan central wound bed, edges of wound (both top and bottom and left and right), and outside the WB. | Q4: Scan central wound bed, edges of wound (both top and bottom and left and right), and outside the WB.
B5: SHG | C5: Scan central wound bed, edges of wound (both top and bottom and left and right), and outside the WB. | E5: Scan vertically through entire width avoiding hairs | G5: Scan through fibrotic regions through full thickness avoiding hairs | I5: Scan digested regions of tissue near digested edges and away | K5: Scan central wound bed, edges of wound (both top and bottom and left and right), and outside the WB. | M5: Scan vertical line through entire width avoiding hairs | O5: Scan central wound bed, edges of wound (both top and bottom and left and right), and outside the WB. | Q5: Scan central wound bed, edges of wound (both top and bottom and left and right), and outside the WB.
A6: Types | C6: Sample Type | D6: Description | E6: Sample Type | F6: Description | G6: Sample Type | H6: Description | I6: Sample Type | J6: Description | K6: Sample Type | L6: Description | M6: Sample Type | N6: Description | O6: Sample Type | P6: Description | Q6: Sample Type | R6: Description | S6: Sample Type | T6: Description
C7: unwounded | D7: no wound or outside the wound bed | E7: E16.5 | F7: Embryonic day 16.5 | G7: PBS | H7: PBS treated control mouse | I7: 24hr | J7: 24hours post digestion | K7: T5224 day 10 | L7: 10 days post wounding treated with T5224 drug | M7: plain | N7: no condition | O7: T5224 | P7: Drug T5224 with corn oil to inhibit fibrosis, post wounding day 10 | Q7: Control | R7: Control Skin with KO vehicle (wild type)
C8: Day 4 | D8: 4 days post wounding | E8: E18.5 | F8: Embryonic day 18.5 | G8: 2W | H8: 2 weeks treated with bleomycin | I8: 48hr | J8: 24hours post digestion | K8: Vehicle day 10 | L8: 10 days post wounding treated with vehicle control | M8: . | O8: Vehicle | P8: Corn oil vehicle control, post wounding day 10 | Q8: Mild | R8: Mild disease progession Knockout
C9: Day 7 | D9: 7 days post wounding | E9: PN2 | F9: Post natal day 2 | G9: 4W | H9: 4 weeks treated with bleomycin | I9: 14 days | J9: 24hours post digestion | K9: . | O9: Clomipramine | P9: Clomipramine drug to cause fibrosis with acetone vehicle, post wounding day 21 | Q9: Med | R9: Medium disease progession Knockout
C10: Day 10 | D10: 10 days post wounding | E10: PN4 | F10: Post natal day 4 | G10: PBSMET | H10: treated with PBS and Metformin (BM control) | I10: 21 days | J10: 24hours post digestion | K10: . | O10: Acetone | P10: Acetone vehicle, post wounding day 21 | Q10: Sev | R10: Severe disease progession Knockout
C11: Day 14 | D11: 14 days post wounding | E11: PN10 | F11: Post natal day 10 | G11: BM | H11: treated with both bleomycin and metformin | I11: . | Q11: Sev+d4 | R11: Severe disease progession Knockout with 2mm wound 4 days post wounding
C12: Day 21 | D12: 21 days post wounding | E12: . | G12: PBS+OKN007 | H12: PBS treated control mouse with okn drug | Q12: Sev+d7 | R12: Severe disease progession Knockout with 2mm wound 7 days post wounding
G13: 4W+OKN007 | H13: 4 weeks treated with bleomycin and OKN 007 to 'heal' | Q13: Sev+d10 | R13: Severe disease progession Knockout with 2mm wound 10 days post wounding
Q14: Sev+d14 | R14: Severe disease progession Knockout with 2mm wound 14 days post wounding
Q15: Sev+d21 | R15: Severe disease progession Knockout with 2mm wound 21 days post wounding
Q16: RecLamn | R16: Disease progession Knockout treated with recombinant laminin

Sheet NI AP1 CL
A1: NUMBER | B1: FOLDER NAME | C1: GENDER | D1: MOUSE | E1: WOUND | F1: TYPE | G1: DATE OF EXP | H1: DIRECTION | I1: Code cut left dermis | J1: Code cut right dermis | K1: Code cut left epi | L1: Code cut right epi | M1: Code cut left sub | N1: Code cut right sub | O1: Full length
A2: 270 | B2: VH2 | F2: VH | G2: 45202 | H2: HORIZ | I2: 0 | J2: 0 | K2: 0 | L2: 0 | M2: 0 | N2: 0 | O2: 56
A3: 275 | B3: VH3 | C3: F | D3: 1 | E3: 1 | F3: VH | G3: 18/08/2023 | H3: HORIZ | I3: 0 | J3: 0 | K3: 0 | L3: 0 | M3: 0 | N3: 0 | O3: 56
A4: 277 | B4: VH4 | C4: F | D4: 2 | E4: 1 | F4: VH | G4: 18/08/2023 | H4: HORIZ | I4: 0 | J4: 0 | K4: 0 | L4: 0 | M4: 0 | N4: 0 | O4: 75
A5: 269 | B5: TS1 | C5: F | D5: 1 | E5: 1 | F5: TS | G5: 18/08/2023 | H5: HORIZ | I5: 0 | J5: 0 | K5: 0 | L5: 0 | M5: 0 | N5: 0 | O5: 55
A6: 272 | B6: TS2 | C6: F | D6: 3 | E6: 2 | F6: TS | G6: 18/08/2023 | H6: HORIZ | I6: 0 | J6: 0 | K6: 0 | L6: 0 | M6: 0 | N6: 0 | O6: 63
A7: 273 | B7: TS3 | C7: F | D7: 3 | E7: 1 | F7: TS | G7: 18/08/2023 | H7: HORIZ | I7: 0 | J7: 0 | K7: 0 | L7: 0 | M7: 0 | N7: 0 | O7: 101
A8: 274 | B8: TS4 | C8: F | D8: 2 | E8: 2 | F8: TS | G8: 18/08/2023 | H8: HORIZ | I8: 0 | J8: 0 | K8: 0 | L8: 0 | M8: 0 | N8: 0 | O8: 70
A9: 279 | B9: AC1 | C9: F | D9: 1 | E9: 2 | F9: AC | G9: 16/07/2024 | H9: HORIZ | I9: 0 | J9: 0 | K9: 0 | L9: 0 | M9: 0 | N9: 0 | O9: 63
A10: 280 | B10: AC2 | C10: M | D10: 2 | E10: 2 | F10: AC | G10: 16/07/2024 | H10: HORIZ | I10: 0 | J10: 0 | K10: 0 | L10: 0 | M10: 0 | N10: 0 | O10: 117
A11: 289 | B11: AC3 | C11: F | D11: 1 | E11: 1 | F11: AC | G11: 16/07/2024 | H11: HORIZ | I11: 0 | J11: 0 | K11: 0 | L11: 0 | M11: 0 | N11: 0 | O11: 93
A12: 278 | B12: CL1 | C12: F | D12: 1 | E12: 1 | F12: CL | G12: 16/07/2024 | H12: HORIZ | I12: 0 | J12: 0 | K12: 0 | L12: 0 | M12: 0 | N12: 0 | O12: 54
A13: 281 | B13: CL2 | C13: F | D13: 2 | E13: 2 | F13: CL | G13: 16/07/2024 | H13: HORIZ | I13: 0 | J13: 0 | K13: 0 | L13: 0 | M13: 0 | N13: 0 | O13: 114
A14: 284 | B14: CL3 | C14: M | D14: 1 | E14: 2 | F14: CL | G14: 16/07/2024 | H14: HORIZ | I14: 0 | J14: 0 | K14: 0 | L14: 0 | M14: 0 | N14: 0 | O14: 76
... A18: 298 | B18: AC4 | C18: M | D18: 1 | E18: 1 | F18: AC | G18: 16/07/2024 | H18: HORIZ | I18: 0 | J18: 0 | K18: 0 | L18: 0 | M18: 0 | N18: 0 | O18: 63
A19: 300 | B19: TS5 | F19: TS | G19: 45361 | H19: HORIZ | I19: 0 | J19: 0 | K19: 0 | L19: 0 | M19: 0 | N19: 0 | O19: 120
A20: 301 | B20: TS6 | C20: M | D20: 1 | E20: 1 | F20: TS | G20: 45361 | H20: HORIZ | I20: 0 | J20: 0 | K20: 0 | L20: 0 | M20: 0 | N20: 0 | O20: 84
A21: 302 | B21: VH5 | C21: M | F21: VH | G21: 17/12/2024 | H21: HORIZ | I21: 0 | J21: 0 | K21: 0 | L21: 0 | M21: 0 | N21: 0 | O21: 38
A22: 303 | B22: VH6 | C22: M | F22: VH | G22: 17/12/2024 | H22: HORIZ | I22: 0 | J22: 0 | K22: 0 | L22: 0 | M22: 0 | N22: 0 | O22: 51
A23: 297 | B23: AC5 | C23: M | D23: 1 | E23: 2 | F23: AC | G23: 17/12/2024 | H23: HORIZ | I23: 0 | J23: 0 | K23: 0 | L23: 0 | M23: 0 | N23: 0 | O23: 66
A24: 201 | B24: VH1 | C24: F | D24: 2 | E24: 1 | F24: VH | G24: 18/08/2023 | H24: VERT | I24: 1 | J24: 0 | K24: 0 | L24: 0 | M24: 0 | N24: 0 | O24: 97
A25: 270 | B25: VH2 | F25: VH | G25: 45202 | H25: VERT | I25: 0 | J25: 0 | K25: 0 | L25: 0 | M25: 0 | N25: 0 | O25: 120
A26: 275 | B26: VH3 | C26: F | D26: 1 | E26: 1 | F26: VH | G26: 18/08/2023 | H26: VERT | I26: 1 | J26: 0 | K26: 0 | L26: 0 | M26: 0 | N26: 1 | O26: 67
A27: 277 | B27: VH4 | C27: F | D27: 2 | E27: 1 | F27: VH | G27: 18/08/2023 | H27: VERT | I27: 1 | J27: 0 | K27: 0 | L27: 0 | M27: 0 | N27: 1 | O27: 103
A28: 269 | B28: TS1 | C28: F | D28: 1 | E28: 1 | F28: TS | G28: 18/08/2023 | H28: VERT | I28: 2 | J28: 0 | K28: 0 | L28: 0 | M28: 0 | N28: 2 | O28: 91
A29: 272 | B29: TS2 | C29: F | D29: 3 | E29: 2 | F29: TS | G29: 18/08/2023 | H29: VERT | I29: 2 | J29: 0 | K29: 0 | L29: 0 | M29: 0 | N29: 2 | O29: 110
A30: 273 | B30: TS3 | C30: F | D30: 3 | E30: 1 | F30: TS | G30: 18/08/2023 | H30: VERT | I30: 0 | J30: 0 | K30: 0 | L30: 0 | M30: 0 | N30: 4 | O30: 106
A31: 274 | B31: TS4 | C31: F | D31: 2 | E31: 2 | F31: TS | G31: 18/08/2023 | H31: VERT | I31: 4 | J31: 0 | K31: 0 | L31: 0 | M31: 0 | N31: 2 | O31: 110
A32: 279 | B32: AC1 | C32: F | D32: 1 | E32: 2 | F32: AC | G32: 16/07/2024 | H32: VERT | I32: 2 | J32: 0 | K32: 0 | L32: 0 | M32: 0 | N32: 2 | O32: 77
A33: 280 | B33: AC2 | C33: M | D33: 2 | E33: 2 | F33: AC | G33: 16/07/2024 | H33: VERT | I33: 2 | J33: 0 | K33: 0 | L33: 0 | M33: 0 | N33: 2 | O33: 66
A34: 289 | B34: AC3 | C34: F | D34: 1 | E34: 1 | F34: AC | G34: 16/07/2024 | H34: VERT | I34: 1 | J34: 0 | K34: 0 | L34: 0 | M34: 0 | N34: 0 | O34: 78
A35: 278 | B35: CL1 | C35: F | D35: 1 | E35: 1 | F35: CL | G35: 16/07/2024 | H35: VERT | I35: 0 | J35: 0 | K35: 0 | L35: 0 | M35: 0 | N35: 6 | O35: 89
A36: 281 | B36: CL2 | C36: F | D36: 2 | E36: 2 | F36: CL | G36: 16/07/2024 | H36: VERT | I36: 0 | J36: 0 | K36: 0 | L36: 0 | M36: 0 | N36: 2 | O36: 73
A37: 284 | B37: CL3 | C37: M | D37: 1 | E37: 2 | F37: CL | G37: 16/07/2024 | H37: VERT | I37: 0 | J37: 0 | K37: 0 | L37: 0 | M37: 0 | N37: 4 | O37: 57
... A41: 298 | B41: AC4 | C41: M | D41: 1 | E41: 1 | F41: AC | G41: 16/07/2024 | H41: VERT | I41: 0 | J41: 0 | K41: 0 | L41: 0 | M41: 0 | N41: 0 | O41: 59
A42: 300 | B42: TS5 | F42: TS | G42: 45361 | H42: VERT | I42: 2 | J42: 0 | K42: 0 | L42: 0 | M42: 0 | N42: 2 | O42: 133
A43: 301 | B43: TS6 | C43: M | D43: 1 | E43: 1 | F43: TS | G43: 45361 | H43: VERT | I43: 2 | J43: 0 | K43: 0 | L43: 0 | M43: 0 | N43: 2 | O43: 82
A44: 302 | B44: VH5 | C44: M | F44: VH | G44: 17/12/2024 | H44: VERT | I44: 2 | J44: 0 | K44: 0 | L44: 0 | M44: 0 | N44: 2 | O44: 99
A45: 303 | B45: VH6 | C45: M | F45: VH | G45: 17/12/2024 | H45: VERT | I45: 2 | J45: 0 | K45: 0 | L45: 0 | M45: 0 | N45: 2 | O45: 77
A46: 297 | B46: AC5 | C46: M | D46: 1 | E46: 2 | F46: AC | G46: 17/12/2024 | H46: VERT | I46: 2 | J46: 0 | K46: 0 | L46: 0 | M46: 0 | N46: 2 | O46: 72

Sheet Measurement Manifest
A1: SAMPLE NAME | B1: TYPE | C1: FOLDER NAME | D1: Sample Number | E1: Group | F1: Gender | G1: Mouse | H1: Repeat | I1: Date | J1: lower dermis | K1: upper dermis | L1: line scan | M1: full length | N1: no pts | O1: Measured left glass | P1: Measured Subcut layer | Q1: Measured dermis | R1: Measured epi | S1: Measured right glass
A2: bleo 3rf 2w 1.1 | B2: 2W | C2: 2W-1 | D2: 306 | E2: BLEO | J2: yes | K2: yes | L2: Vert
A3: bleo 3rf 2w 4.2 | B3: 2W | C3: 2W-2 | D3: 311 | E3: BLEO | J3: yes | K3: yes | L3: Vert
A4: bleo 3rf 2w 2.2 | B4: 2W | C4: 2W-3 | D4: 312 | E4: BLEO | J4: yes | K4: yes | L4: Vert
A5: bleo 3rs 2w 2 | B5: 2W | C5: 2W-4 | D5: 326 | E5: BLEO | J5: yes | K5: yes | L5: Vert
A6: bleo3rs 2w 1 | B6: 2W | C6: 2W-5 | D6: 324 | E6: BLEO | J6: yes | K6: yes | L6: Vert
A7: bleo 3r 4w 1 | B7: 4W_3R | C7: 4W_3R-1 | D7: 307 | E7: BLEO | J7: yes | K7: yes | L7: Vert
A8: bleo 3rf 4w 1.1 | B8: 4W_3R | C8: 4W_3R-2 | D8: 313 | E8: BLEO | J8: yes | K8: yes | L8: Vert
A9: bleo 3rf 4w 2.1 | B9: 4W_3R | C9: 4W_3R-3 | D9: 304 | E9: BLEO | J9: yes | K9: yes | L9: Vert
A10: bleo 5r 4k 4.2 | B10: 4w_5R | C10: 4W_5R-1 | D10: 322 | E10: BLEO | J10: yes | K10: yes | L10: Vert
A11: bleo 5r 4w 1.1 | B11: 4w_5R | C11: 4W_5R-2 | D11: 321 | E11: BLEO | J11: yes | K11: yes | L11: Vert
A12: bleo 5r 4w 2.1 | B12: 4w_5R | C12: 4W_5R-3 | D12: 320 | E12: BLEO | J12: yes | K12: yes | L12: Vert
A13: bleo 5r 4wk 5.1 | B13: 4w_5R | C13: 4W_5R-4 | D13: 323 | E13: BLEO | J13: yes | K13: yes | L13: Vert
... A29: BM 14 | B29: BM_MET | C29: BM_MET-3 | D29: 330 | E29: BLEO | J29: yes | K29: yes | L29: Vert
B31: VH | C31: VH2 | D31: 270 | E31: AP1 | I31: 45202 | J31: no | K31: no | L31: HORIZ | N31: 56 | P31: 0 | Q31: 0
B32: VH | C32: VH3 | D32: 275 | E32: AP1 | F32: F | G32: 1 | H32: 1 | I32: 18/08/2023 | J32: no | K32: no | L32: HORIZ | N32: 56 | P32: 0 | Q32: 0
B33: VH | C33: VH4 | D33: 277 | E33: AP1 | F33: F | G33: 2 | H33: 1 | I33: 18/08/2023 | J33: no | K33: no | L33: HORIZ | N33: 75 | P33: 0 | Q33: 0
B34: TS | C34: TS1 | D34: 269 | E34: AP1 | F34: F | G34: 1 | H34: 1 | I34: 18/08/2023 | J34: no | K34: no | L34: HORIZ | N34: 55 | P34: 0 | Q34: 0
B35: TS | C35: TS2 | D35: 272 | E35: AP1 | F35: F | G35: 3 | H35: 2 | I35: 18/08/2023 | J35: no | K35: no | L35: HORIZ | N35: 63 | P35: 0 | Q35: 0
B36: TS | C36: TS3 | D36: 273 | E36: AP1 | F36: F | G36: 3 | H36: 1 | I36: 18/08/2023 | J36: no | K36: no | L36: HORIZ | N36: 101 | P36: 0 | Q36: 0
B37: TS | C37: TS4 | D37: 274 | E37: AP1 | F37: F | G37: 2 | H37: 2 | I37: 18/08/2023 | J37: no | K37: no | L37: HORIZ | N37: 70 | P37: 0 | Q37: 0
B38: AC | C38: AC1 | D38: 279 | E38: CL | F38: F | G38: 1 | H38: 2 | I38: 16/07/2024 | J38: no | K38: no | L38: HORIZ | N38: 63 | P38: 0 | Q38: 0
B39: AC | C39: AC2 | D39: 280 | E39: CL | F39: M | G39: 2 | H39: 2 | I39: 16/07/2024 | J39: no | K39: no | L39: HORIZ | N39: 117 | P39: 0 | Q39: 0
B40: AC | C40: AC3 | D40: 289 | E40: CL | F40: F | G40: 1 | H40: 1 | I40: 16/07/2024 | J40: no | K40: no | L40: HORIZ | N40: 93 | P40: 0 | Q40: 0
B41: CL | C41: CL1 | D41: 278 | E41: CL | F41: F | G41: 1 | H41: 1 | I41: 16/07/2024 | J41: no | K41: no | L41: HORIZ | N41: 54 | P41: 0 | Q41: 0
B42: CL | C42: CL2 | D42: 281 | E42: CL | F42: F | G42: 2 | H42: 2 | I42: 16/07/2024 | J42: no | K42: no | L42: HORIZ | N42: 114 | P42: 0 | Q42: 0
B43: CL | C43: CL3 | D43: 284 | E43: CL | F43: M | G43: 1 | H43: 2 | I43: 16/07/2024 | J43: no | K43: no | L43: HORIZ | N43: 76 | P43: 0 | Q43: 0
E44: CL | J44: no | K44: no
B45: CL | C45: CL5 | D45: 294 | E45: CL | F45: F | G45: 1 | H45: 2 | I45: 16/07/2024 | J45: no | K45: no | L45: HORIZ | N45: 127 | P45: 0 | Q45: 0
B46: CL | C46: CL6 | D46: 295 | E46: CL | F46: M | G46: 1 | H46: 2 | I46: 16/07/2024 | J46: no | K46: no | L46: HORIZ | N46: 81 | P46: 0 | Q46: 0
B47: AC | C47: AC4 | D47: 298 | E47: CL | F47: M | G47: 1 | H47: 1 | I47: 16/07/2024 | J47: no | K47: no | L47: HORIZ | N47: 63 | P47: 0 | Q47: 0
B48: TS | C48: TS5 | D48: 300 | E48: AP1 | I48: 45361 | J48: no | K48: no | L48: HORIZ | N48: 120 | O48: 0 | P48: 0 | Q48: 120 | R48: 0 | S48: 0
B49: TS | C49: TS6 | D49: 301 | E49: AP1 | F49: M | G49: 1 | H49: 1 | I49: 45361 | J49: no | K49: no | L49: HORIZ | N49: 84 | O49: 0 | P49: 0 | Q49: 84 | R49: 0 | S49: 0
B50: VH | C50: VH5 | D50: 302 | E50: AP1 | F50: M | I50: 17/12/2024 | J50: no | K50: no | L50: HORIZ | N50: 38 | O50: 0 | P50: 0 | Q50: 38 | R50: 0 | S50: 0
B51: VH | C51: VH6 | D51: 303 | E51: AP1 | F51: M | I51: 17/12/2024 | J51: no | K51: no | L51: HORIZ | N51: 51 | O51: 0 | P51: 0 | Q51: 51 | R51: 0 | S51: 0
B52: AC | C52: AC5 | D52: 297 | E52: AP1 | F52: M | G52: 1 | H52: 2 | I52: 17/12/2024 | J52: no | K52: no | L52: HORIZ | N52: 66 | O52: 0 | P52: 0 | Q52: 66 | R52: 0 | S52: 0
B53: VH | C53: VH1 | D53: 201 | E53: AP1 | F53: F | G53: 2 | H53: 1 | I53: 18/08/2023 | J53: no | K53: no | L53: VERT | N53: 97 | P53: 0 | Q53: 1
B54: VH | C54: VH2 | D54: 270 | E54: AP1 | I54: 45202 | J54: no | K54: no | L54: VERT | N54: 120 | P54: 0 | Q54: 0
B55: VH | C55: VH3 | D55: 275 | E55: AP1 | F55: F | G55: 1 | H55: 1 | I55: 18/08/2023 | J55: no | K55: no | L55: VERT | N55: 67 | P55: 1 | Q55: 1
B56: VH | C56: VH4 | D56: 277 | E56: AP1 | F56: F | G56: 2 | H56: 1 | I56: 18/08/2023 | J56: no | K56: no | L56: VERT | N56: 103 | P56: 1 | Q56: 1
B57: TS | C57: TS1 | D57: 269 | E57: AP1 | F57: F | G57: 1 | H57: 1 | I57: 18/08/2023 | J57: no | K57: no | L57: VERT | N57: 91 | P57: 2 | Q57: 2
B58: TS | C58: TS2 | D58: 272 | E58: AP1 | F58: F | G58: 3 | H58: 2 | I58: 18/08/2023 | J58: no | K58: no | L58: VERT | N58: 110 | P58: 2 | Q58: 2
B59: TS | C59: TS3 | D59: 273 | E59: AP1 | F59: F | G59: 3 | H59: 1 | I59: 18/08/2023 | J59: no | K59: no | L59: VERT | N59: 106 | P59: 4 | Q59: 0
B60: TS | C60: TS4 | D60: 274 | E60: AP1 | F60: F | G60: 2 | H60: 2 | I60: 18/08/2023 | J60: no | K60: no | L60: VERT | N60: 110 | P60: 2 | Q60: 4
B61: AC | C61: AC1 | D61: 279 | E61: CL | F61: F | G61: 1 | H61: 2 | I61: 16/07/2024 | J61: no | K61: no | L61: VERT | N61: 77 | P61: 2 | Q61: 2
B62: AC | C62: AC2 | D62: 280 | E62: CL | F62: M | G62: 2 | H62: 2 | I62: 16/07/2024 | J62: no | K62: no | L62: VERT | N62: 66 | P62: 2 | Q62: 2
B63: AC | C63: AC3 | D63: 289 | E63: CL | F63: F | G63: 1 | H63: 1 | I63: 16/07/2024 | J63: no | K63: no | L63: VERT | N63: 78 | P63: 0 | Q63: 1
B64: CL | C64: CL1 | D64: 278 | E64: CL | F64: F | G64: 1 | H64: 1 | I64: 16/07/2024 | J64: no | K64: no | L64: VERT | N64: 89 | P64: 6 | Q64: 0
B65: CL | C65: CL2 | D65: 281 | E65: CL | F65: F | G65: 2 | H65: 2 | I65: 16/07/2024 | J65: no | K65: no | L65: VERT | N65: 73 | P65: 2 | Q65: 0
B66: CL | C66: CL3 | D66: 284 | E66: CL | F66: M | G66: 1 | H66: 2 | I66: 16/07/2024 | J66: no | K66: no | L66: VERT | N66: 57 | P66: 4 | Q66: 0
E67: CL | J67: no | K67: no
B68: CL | C68: CL5 | D68: 294 | E68: CL | F68: F | G68: 1 | H68: 2 | I68: 16/07/2024 | J68: no | K68: no | L68: VERT | N68: 68 | P68: 0 | Q68: 0
B69: CL | C69: CL6 | D69: 295 | E69: CL | F69: M | G69: 1 | H69: 2 | I69: 16/07/2024 | J69: no | K69: no | L69: VERT | N69: 59 | P69: 0 | Q69: 0
B70: AC | C70: AC4 | D70: 298 | E70: CL | F70: M | G70: 1 | H70: 1 | I70: 16/07/2024 | J70: no | K70: no | L70: VERT | N70: 59 | P70: 0 | Q70: 0
B71: TS | C71: TS5 | D71: 300 | E71: AP1 | I71: 45361 | J71: no | K71: no | L71: VERT | N71: 133 | O71: 0 | P71: 0 | Q71: 127 | R71: 5 | S71: 1
B72: TS | C72: TS6 | D72: 301 | E72: AP1 | F72: M | G72: 1 | H72: 1 | I72: 45361 | J72: no | K72: no | L72: VERT | N72: 82 | O72: 0 | P72: 0 | Q72: 77 | R72: 4 | S72: 1
B73: VH | C73: VH5 | D73: 302 | E73: AP1 | F73: M | I73: 17/12/2024 | J73: no | K73: no | L73: VERT | N73: 99 | O73: 5 | P73: 0 | Q73: 99 | R73: 0 | S73: 0
B74: VH | C74: VH6 | D74: 303 | E74: AP1 | F74: M | I74: 17/12/2024 | J74: no | K74: no | L74: VERT | N74: 77 | O74: 2 | P74: 0 | Q74: 68 | R74: 6 | S74: 1
B75: AC | C75: AC5 | D75: 297 | E75: CL | F75: M | G75: 1 | H75: 2 | I75: 17/12/2024 | J75: no | K75: no | L75: VERT | N75: 72 | O75: 4 | P75: 0 | Q75: 63 | R75: 3 | S75: 2
B76: Plain 60 | C76: Control 1 | D76: 1 | F76: F | G76: 1 | I76: 44996 | J76: no | K76: no | L76: VERT | N76: 70
B77: Plain 60 | C77: Control 2 | D77: 6 | F77: F | G77: 1 | I77: 22/11/2023 | J77: no | K77: no | L77: VERT | N77: 115 | O77: 10 | P77: 61 | Q77: 37 | R77: 3 | S77: 4 | T77: =SUM(O77:S77) -> 115
B78: Plain 60 | C78: Control 3 | D78: 18 | F78: F | G78: 2 | I78: 45505 | J78: no | K78: no | L78: VERT | N78: 75 | O78: 4 | P78: 45 | Q78: 19 | R78: 5 | S78: 2 | T78: =SUM(O78:S78) -> 75
B79: Plain 60 | C79: Control 4 | D79: 30 | F79: F | G79: 3 | I79: 45505 | J79: no | K79: no | L79: VERT | N79: 68 | O79: 3 | P79: 36 | Q79: 23 | R79: 3 | S79: 3 | T79: =SUM(O79:S79) -> 68
B80: Plain 60 | C80: Control 5 | D80: 44 | F80: F | G80: 4 | I80: 45566 | J80: no | K80: no | L80: VERT | N80: 64 | O80: 3 | P80: 31 | Q80: 23 | R80: 2 | S80: 5 | T80: =SUM(O80:S80) -> 64
B81: Plain 60 | D81: 5 | F81: F | G81: 1 | I81: 16/02/2024 | J81: no | K81: no | L81: VERT
B82: Plain 60 | D82: 4 | F82: F | G82: 1 | I82: 29/01/2024 | J82: no | K82: no | L82: VERT
B83: Plain 60 | D83: 20 | F83: F | G83: 2 | I83: 23/01/2024 | J83: no | K83: no | L83: VERT
B84: Plain 60 | D84: 32 | F84: F | G84: 3 | I84: 22/01/2024 | J84: no | K84: no | L84: VERT
B85: Plain 60 | D85: 45 | F85: F | G85: 4 | I85: 17/01/2024 | J85: no | K85: no | L85: VERT
B86: D7 | C86: D7 2 | D86: 230 | F86: F | G86: 2 | H86: 1 | I86: 25/06/2024 | J86: no | K86: no | L86: VERT | N86: 72
B87: D7 | C87: D7 1 | D87: 233 | F87: F | G87: 1 | H87: 2 | I87: 45451 | J87: no | K87: no | L87: VERT | N87: 131
B88: D7 | D88: 25I | I88: 29/08/2023 | J88: no | K88: no | L88: VERT
B89: D7 | D89: 26I | I89: 21/08/2023 | J89: no | K89: no | L89: VERT
B90: D7 | D90: 23H | I90: 14/08/2023 | J90: no | K90: no | L90: VERT
B91: D7 | D91: 35L | I91: 23/08/2023 | J91: no | K91: no | L91: VERT
B92: D10 | C92: D10 1 | D92: 210 | F92: F | G92: 2 | I92: 20/06/2024 | J92: no | K92: no | L92: VERT | N92: 33
B93: D10 | C93: D10 3 | D93: 212 | F93: F | G93: 3 | I93: 20/06/2024 | J93: no | K93: no | L93: VERT | N93: 83
B94: D10 | C94: D10 2 | D94: 215 | F94: F | G94: 4 | I94: 25/06/2024 | J94: no | K94: no | L94: VERT | N94: 72
B95: D14 | C95: D14 1 | D95: 156 | F95: M | G95: 1 | I95: 13/02/2024 | J95: no | K95: no | L95: VERT | N95: 69
B96: D14 | C96: D14 2 | D96: 166 | F96: M | G96: 2 | I96: 29/05/2024 | J96: no | K96: no | L96: VERT | N96: 52
B97: d14 | C97: D14 3 | D97: 242 | G97: 1 | I97: 45329 | J97: no | K97: no | L97: VERT | N97: 66
B98: D14 | C98: D14 4 | D98: 244 | G98: 2 | I98: 45451 | J98: no | K98: no | L98: VERT | N98: 99
B99: D7 | C99: D7 2 | D99: 230 | F99: F | G99: 2 | H99: 1 | I99: 25/06/2024 | J99: no | K99: no | L99: HORIZ | N99: 40
B100: D7 | C100: D7 1 | D100: 233 | F100: F | G100: 1 | H100: 2 | I100: 45451 | J100: no | K100: no | L100: HORIZ | N100: 75
B101: D10 | C101: D10 1 | D101: 210 | F101: F | G101: 2 | I101: 20/06/2024 | J101: no | K101: no | L101: HORIZ | N101: 43
B102: D10 | C102: D10 3 | D102: 212 | F102: F | G102: 3 | I102: 20/06/2024 | J102: no | K102: no | L102: HORIZ | N102: 44
B103: D10 | C103: D10 2 | D103: 215 | F103: F | G103: 4 | I103: 25/06/2024 | J103: no | K103: no | L103: HORIZ | N103: 43
B104: D14 | C104: D14 1 | D104: 156 | F104: M | G104: 1 | I104: 13/02/2024 | J104: no | K104: no | L104: HORIZ | N104: 34
B105: D14 | C105: D14 2 | D105: 166 | F105: M | G105: 2 | I105: 29/05/2024 | J105: no | K105: no | L105: HORIZ | N105: 36
B106: d14 | C106: D14 3 | D106: 242 | G106: 1 | I106: 45329 | J106: no | K106: no | L106: HORIZ | N106: 39
B107: D14 | C107: D14 4 | D107: 244 | G107: 2 | I107: 45451 | J107: no | K107: no | L107: HORIZ | N107: 46

Sheet SAXS Mar 26
A1: Eppendorf or Slide number | B1: Type | C1: Description | D1: Priority G1 G2 G3 G4 | E1: Scan Number | F1: Date/Time | G1: epiderms location (L or R) | H1: power | I1: thickness (um) | J1: Notes | K1: USED | L1: Exposure time (s) | M1: Base table-x | N1: Base table-y | O1: X-start | P1: X-end | Q1: X_centre | R1: Y-start | S1: Y-end | T1: Y_centre | U1: X-wid mm | V1: Y-wid mm | W1: X-number | X1: Y-number | Y1: X-number | Z1: Y-number | AA1: step size (um) | AB1: no points | AC1: start time | AD1: time length | AE1: End time | AF1: Approx time from mapping | AH1: DAWN | AI1: Python Processed | AJ1: CSV | AK1: DONE
B2: Pig Back skin | C2: 2.5mm | E2: 949797 | H2: 25mW | I2: 2.5mm | L2: 1 | M2: 8.81 | N2: -24.41 | O2: 45 | P2: 48 | R2: 4 | S2: 6

Sheet SAXS May 24
A1: Eppendorf | B1: Type | C1: Description | D1: Priority G1 G2 G3 G4 | E1: epiderms location (L or R) | F1: Notes | G1: USED | H1: Start Scan Number | I1: End Scan Number | J1: Exposure time (s) | K1: Base table-x | L1: Base table-y | M1: X-start | N1: X-end | O1: X_centre | P1: Y-start | Q1: Y-end | R1: Y_centre | S1: X-wid mm | T1: Y-len mm | U1: X-number | V1: Y-number | W1: step size (um) | X1: no points | Y1: start time | Z1: time length | AA1: End time | AB1: Approx time from mapping | AC1: Approx end time | AD1: DAWN | AE1: Python Processed | AF1: CSV | AG1: DONE
A2: 62 SAXS | B2: Day 4 | C2: B1 - Wound day 4 | D2: G1 | E2: left | F2: lots of pre random scans! | G2: USED | H2: 753757 | J2: 1 | M2: 48.606 | N2: 49.868 | O2: =(N2+M2)/2 -> 49.237 | P2: 7.546 | Q2: 8.73 | R2: =(Q2+P2)/2 -> 8.138 | S2: =N2-M2 -> 1.262 | T2: =Q2-P2 -> 1.184 | U2: =S2/(W2) -> 63.1 | V2: =T2/(W2) -> 59.2 | W2: 0.02 | X2: =U2*V2 -> 3735.52 | Y2: 0.78888889 | Z2: 0.044444444 | AD2: DAWN | AE2: YES | AF2: YES
A3: 67 SAXS | B3: Day 4 | C3: B2 - Wound day 4 | D3: G1 | E3: left | F3: May be over stretched? | G3: USED | H3: 753758 | J3: 1 | M3: 46.481 | N3: 47.873 | O3: =(N3+M3)/2 -> 47.177 | P3: 8.527 | Q3: 9.983 | R3: =(Q3+P3)/2 -> 9.255 | S3: =N3-M3 -> 1.392 | T3: =Q3-P3 -> 1.456 | U3: =S3/(W3) -> 69.6 | V3: =T3/(W3) -> 72.8 | W3: 0.02 | X3: =U3*V3 -> 5066.88 | Y3: 0.85902778 | Z3: 0.059027778 | AC3: =Y3+Z3 -> 0.91805556 | AD3: DAWN | AE3: YES | AF3: YES
A4: 75 SAXS | B4: Day 4 | C4: B3 - Wound day 4 | D4: G1 | E4: right | G4: USED | H4: 753759 | J4: 1 | M4: 49.217 | N4: 50.271 | O4: =(N4+M4)/2 -> 49.744 | P4: 8.658 | Q4: 10.081 | R4: =(Q4+P4)/2 -> 9.3695 | S4: =N4-M4 -> 1.054 | T4: =Q4-P4 -> 1.423 | U4: =S4/(W4) -> 52.7 | V4: =T4/(W4) -> 71.15 | W4: 0.02 | X4: =U4*V4 -> 3749.605 | Y4: 0.94791667 | Z4: 0.04375 | AC4: =Y4+Z4 -> 0.99166667 | AD4: DAWN | AE4: YES | AF4: YES
A5: 302 | B5: T5224 Day 10 | C5: T5224 sample F2-2 Female 2 Wound 2 10days PW 18/08/23 | D5: G1 | E5: right | F5: large scan due to uncertainty of where WB is | G5: Used | H5: 753760 | J5: 1 | M5: 48.672 | N5: 49.857 | O5: =(N5+M5)/2 -> 49.2645 | P5: 8.342 | Q5: 11.433 | R5: =(Q5+P5)/2 -> 9.8875 | S5: =N5-M5 -> 1.185 | T5: =Q5-P5 -> 3.091 | U5: =S5/(W5) -> 59.25 | V5: =T5/(W5) -> 154.55 | W5: 0.02 | X5: =U5*V5 -> 9157.0875 | Y5: 0.0125 | Z5: 0.10763889 | AC5: =Y5+Z5 -> 0.12013889
R6: =(Q6+P6)/2 -> 0 | S6: =N6-M6 -> 0 | T6: =Q6-P6 -> 0
R7: =(Q7+P7)/2 -> 0 | S7: =N7-M7 -> 0 | T7: =Q7-P7 -> 0
R8: =(Q8+P8)/2 -> 0 | S8: =N8-M8 -> 0 | T8: =Q8-P8 -> 0
A9: 303 | B9: Vehicle Day 10 | C9: Vehicle control sample F2-1 Female 2 Wound 1 10days PW 18/08/23 | D9: G1 | E9: right | F9: coarse map scan needed as misaligned OAV (there are 2 of these) | G9: USED | H9: 753764 | I9: 753765 | J9: 0.1 | K9: 46 | L9: 40 | M9: 53.817 | N9: 55.689 | O9: =(N9+M9)/2 -> 54.753 | P9: 11.318 | Q9: 12.286 | R9: =(Q9+P9)/2 -> 11.802 | S9: =N9-M9 -> 1.872 | T9: =Q9-P9 -> 0.968 | U9: =S9/(W9) -> 37.44 | V9: =T9/(W9) -> 19.36 | W9: 0.05 | X9: =U9*V9 -> 724.8384 | Y9: 0.375 | Z9: 0.00069444444 | AC9: =Y9+Z9 -> 0.37569444 | AD9: DAWN | AE9: YES | AF9: YES
A10: 303 | B10: Vehicle Day 10 | C10: Vehicle control sample F2-1 Female 2 Wound 1 10days PW 18/08/23 | D10: G1 | E10: right | F10: alignment issue solved(?) | G10: USED | H10: 753766 | J10: 1 | K10: 46 | L10: 35 | M10: 48.421 | N10: 49.846 | O10: =(N10+M10)/2 -> 49.1335 | P10: 8.39 | Q10: 9.529 | R10: =(Q10+P10)/2 -> 8.9595 | S10: =N10-M10 -> 1.425 | T10: =Q10-P10 -> 1.139 | U10: =S10/(W10) -> 71.25 | V10: =T10/(W10) -> 56.95 | W10: 0.02 | X10: =U10*V10 -> 4057.6875 | Y10: 0.40486111 | Z10: 0.047222222 | AC10: =Y10+Z10 -> 0.45208333
A11: 304 | B11: T5224 Day 10 | C11: T5224 sample F2-1 Female 2 Wound 1 10days PW 18/08/23 Good? | D11: G1 | E11: right | F11: v nice(!) small holder | G11: USED | H11: 753766 | I11: is this 753767? | J11: 1 | K11: 46 | L11: 35 | M11: 47.691 | N11: 49.225 | O11: =(N11+M11)/2 -> 48.458 | P11: 9.774 | Q11: 11.197 | R11: =(Q11+P11)/2 -> 10.4855 | S11: =N11-M11 -> 1.534 | T11: =Q11-P11 -> 1.423 | U11: =S11/(W11) -> 76.7 | V11: =T11/(W11) -> 71.15 | W11: 0.02 | X11: =U11*V11 -> 5457.205 | Y11: 0.46597222 | Z11: 0.063888889 | AC11: =Y11+Z11 -> 0.52986111 | AD11: DAWN | AE11: YES | AF11: YES
A12: 306 | B12: T5224 Day 10 | C12: T5224 sample IP 10days PW 10/3/23 | D12: G1 | E12: right | F12: WB very near upper edge before stretching, small holder used | G12: USED | H12: 753768 | J12: 1 | K12: 46 | L12: 35 | M12: 46.154 | N12: 47.644 | O12: =(N12+M12)/2 -> 46.899 | P12: 8.684 | Q12: 9.823 | R12: =(Q12+P12)/2 -> 9.2535 | S12: =N12-M12 -> 1.49 | T12: =Q12-P12 -> 1.139 | U12: =S12/(W12) -> 74.5 | V12: =T12/(W12) -> 56.95 | W12: 0.02 | X12: =U12*V12 -> 4242.775 | Y12: 0.53958333 | Z12: 0.049305556 | AC12: =Y12+Z12 -> 0.58888889
A13: 307 | B13: Vehicle Day 10 | C13: Vehicle control samples IP pw day10 10/03/2023 (2) | D13: G1 | F13: mess - slipped from grips twice - cant see WB. not sure about viability of this sample | G13: USED | H13: 753775 | J13: 1 | K13: 46 | L13: 35 | M13: 49.039 | N13: 50.91 | O13: =(N13+M13)/2 -> 49.9745 | P13: 8.332 | Q13: 9.479 | R13: =(Q13+P13)/2 -> 8.9055 | S13: =N13-M13 -> 1.871 | T13: =Q13-P13 -> 1.147 | U13: =S13/(W13) -> 93.55 | V13: =T13/(W13) -> 57.35 | W13: 0.02 | X13: =U13*V13 -> 5365.0925 | Y13: 0.78888889 | Z13: 0.0625 | AC13: =Y13+Z13 -> 0.85138889
A14: 309 | B14: Vehicle Day 10 | C14: Vehicle control samples IP pw day10 10/03/2023 | D14: G1 | E14: left | G14: USED | H14: 753774 | J14: 1 | K14: 46 | L14: 35 | M14: 48.854 | N14: 50.028 | O14: =(N14+M14)/2 -> 49.441 | P14: 10.196 | Q14: 11.289 | R14: =(Q14+P14)/2 -> 10.7425 | S14: =N14-M14 -> 1.174 | T14: =Q14-P14 -> 1.093 | U14: =S14/(W14) -> 58.7 | V14: =T14/(W14) -> 54.65 | W14: 0.02 | X14: =U14*V14 -> 3207.955 | Y14: 0.74097222 | Z14: 0.0375 | AC14: =Y14+Z14 -> 0.77847222
A15: 310 | B15: Vehicle Day 10 | C15: Vehicle control samples pw day10 10/03/2023 | D15: G1 | E15: right | F15: may be not quite stretched. not sure if scan cuts off WB top. may resan top? | G15: USED | H15: 753770 | J15: 1 | K15: 46 | L15: 35 | M15: 47.233 | N15: 48.244 | O15: =(N15+M15)/2 -> 47.7385 | P15: 8.041 | Q15: 9.442 | R15: =(Q15+P15)/2 -> 8.7415 | S15: =N15-M15 -> 1.011 | T15: =Q15-P15 -> 1.401 | U15: =S15/(W15) -> 50.55 | V15: =T15/(W15) -> 70.05 | W15: 0.02 | X15: =U15*V15 -> 3541.0275 | Y15: 0.66041667 | Z15: 0.041666667 | AC15: =Y15+Z15 -> 0.70208333 | AD15: DAWN | AE15: YES | AF15: YES
A16: 310 | B16: Vehicle Day 10 | C16: Vehicle control samples pw day10 10/03/2023 | D16: G1 | F16: coarse map scan of plastic to see if OAV is misaligned again | G16: Used | H16: 753771 | J16: 0.1 | K16: 46 | L16: 35 | M16: 44.824 | N16: 45.835 | O16: =(N16+M16)/2 -> 45.3295 | P16: 7.343 | Q16: 8.744 | R16: =(Q16+P16)/2 -> 8.0435 | S16: =N16-M16 -> 1.011 | T16: =Q16-P16 -> 1.401 | U16: =S16/(W16) -> 20.22 | V16: =T16/(W16) -> 28.02 | W16: 0.05 | X16: =U16*V16 -> 566.5644 | Y16: 0.70555556 | Z16: 0.00069444444 | AC16: =Y16+Z16 -> 0.70625
A17: 310 | B17: Vehicle Day 10 | C17: Vehicle control samples pw day10 10/03/2023 | D17: G1 | F17: coarse map scan of plastic to see if OAV is misaligned again | G17: Used | H17: 753772 | J17: 0.1 | K17: 46 | L17: 35 | M17: 44.824 | N17: 45.835 | O17: =(N17+M17)/2 -> 45.3295 | P17: 7.343 | Q17: 8.744 | R17: =(Q17+P17)/2 -> 8.0435 | S17: =N17-M17 -> 1.011 | T17: =Q17-P17 -> 1.401 | U17: =S17/(W17) -> 20.22 | V17: =T17/(W17) -> 28.02 | W17: 0.05 | X17: =U17*V17 -> 566.5644 | Y17: 0.70069444 | Z17: 0.00069444444 | AC17: =Y17+Z17 -> 0.70138889
A18: 310 | B18: Vehicle Day 10 | C18: Vehicle control samples pw day10 10/03/2023 | D18: G1 | F18: top of 310 as not sure if captured the whole thing? | G18: Used | H18: 753773 | J18: 1 | K18: 46 | L18: 35 | M18: 47.233 | N18: 48.244 | O18: =(N18+M18)/2 -> 47.7385 | P18: 7.7 | Q18: 8.04 | R18: =(Q18+P18)/2 -> 7.87 | S18: =N18-M18 -> 1.011 | T18: =Q18-P18 -> 0.34 | U18: =S18/(W18) -> 50.55 | V18: =T18/(W18) -> 17 | W18: 0.02 | X18: =U18*V18 -> 859.35 | Y18: 0.71180556 | Z18: 0.010416667 | AC18: =Y18+Z18 -> 0.72222222
A19: 301 | B19: T5224 Day 10 | C19: T5224 sample F3-2 Female 3 Wound 2 10days PW 18/08/23 (?) | D19: G2 | F19: scan b | G19: USED | H19: 753786 | I19: this actually is 786 | J19: 1 | K19: 46 | L19: 35 | M19: 48.8 | N19: 50.5 | O19: =(N19+M19)/2 -> 49.65 | P19: 7.4 | Q19: 10.8 | R19: =(Q19+P19)/2 -> 9.1 | S19: =N19-M19 -> 1.7 | T19: =Q19-P19 -> 3.4 | U19: =S19/(W19) -> 85 | V19: =T19/(W19) -> 170 | W19: 0.02 | X19: =U19*V19 -> 14450 | Y19: 0.31597222 | Z19: 0.17013889 | AC19: =Y19+Z19 -> 0.48611111
A20: 301 | B20: T5224 Day 10 | C20: T5224 sample F3-2 Female 3 Wound 2 10days PW 18/08/23 (?) | D20: G2 | F20: scan a | G20: USED | H20: 753785 | J20: 1 | K20: 46 | L20: 35 | M20: 48.8 | N20: 50.5 | O20: =(N20+M20)/2 -> 49.65 | P20: 7.4 | Q20: 10.8 | R20: =(Q20+P20)/2 -> 9.1 | S20: =N20-M20 -> 1.7 | T20: =Q20-P20 -> 3.4 | U20: =S20/(W20) -> 85 | V20: =T20/(W20) -> 170 | W20: 0.02 | X20: =U20*V20 -> 14450 | Y20: 0.14583333 | Z20: 0.17013889 | AC20: =Y20+Z20 -> 0.31597222
A21: 301 | B21: T5224 Day 10 | C21: T5224 sample F3-2 Female 3 Wound 2 10days PW 18/08/23 (?) | D21: G2 | F21: coarse map for offset | G21: Used | H21: 753784 | J21: 0.1 | K21: 46 | L21: 35 | M21: 50.8 | N21: 52 | O21: =(N21+M21)/2 -> 51.4 | P21: 7.2 | Q21: 8.3 | R21: =(Q21+P21)/2 -> 7.75 | S21: =N21-M21 -> 1.2 | T21: =Q21-P21 -> 1.1 | U21: =S21/(W21) -> 24 | V21: =T21/(W21) -> 22 | W21: 0.05 | X21: =U21*V21 -> 528
A22: 308 | B22: Vehicle Day 10 | C22: Vehicle control samples sub cutaneous pw day10 10/03/2023 Good? | D22: G2 | E22: left | F22: 307 no visible WB - 308 may have slipped from grips? or may be twisted - not sure if viability of this one. took 3 OAV images with 3 exposures but not sure what difference it made to the imgs. (a,b,c) | G22: USED | H22: 753769 | J22: 1 | K22: 46 | L22: 35 | M22: 47.811 | N22: 48.745 | O22: =(N22+M22)/2 -> 48.278 | P22: 9.011 | Q22: 10.532 | R22: =(Q22+P22)/2 -> 9.7715 | S22: =N22-M22 -> 0.934 | T22: =Q22-P22 -> 1.521 | U22: =S22/(W22) -> 46.7 | V22: =T22/(W22) -> 76.05 | W22: 0.02 | X22: =U22*V22 -> 3551.535 | Y22: 0.60138889 | Z22: 0.041666667 | AC22: =Y22+Z22 -> 0.64305556
A23: 312 | B23: Day 4 | C23: Post wounding day4 GFP NF female 20/09/22 (IV) (same as 311) | D23: G1 | F23: coarse map | G23: Used | H23: 753776 | J23: 0.1 | K23: 46 | L23: 35 | R23: =(Q23+P23)/2 -> 0 | S23: =N23-M23 -> 0 | T23: =Q23-P23 -> 0
A24: 312 | B24: Day 4 | C24: Post wounding day4 GFP NF female 20/09/22 (IV) (same as 311) | D24: G1 | G24: USED | H24: 753777 | J24: 1 | K24: 46 | L24: 35 | M24: 46.587 | N24: 47.771 | O24: =(N24+M24)/2 -> 47.179 | P24: 8.365 | Q24: 9.773 | R24: =(Q24+P24)/2 -> 9.069 | S24: =N24-M24 -> 1.184 | T24: =Q24-P24 -> 1.408 | U24: =S24/(W24) -> 59.2 | V24: =T24/(W24) -> 70.4 | W24: 0.02 | X24: =U24*V24 -> 4167.68 | Y24: 0.86805556 | Z24: 0.049305556 | AC24: =Y24+Z24 -> 0.91736111 | AD24: DAWN | AE24: YES | AF24: YES
A25: 312 | B25: Day 4 | C25: Post wounding day4 GFP NF female 20/09/22 (IV) (same as 311) | D25: G1 | F25: Second one for rad dam | G25: Used | H25: 753779 | J25: 1 | K25: 46 | L25: 35 | M25: 46.587 | N25: 47.771 | O25: =(N25+M25)/2 -> 47.179 | P25: 8.365 | Q25: 9.773 | R25: =(Q25+P25)/2 -> 9.069 | S25: =N25-M25 -> 1.184 | T25: =Q25-P25 -> 1.408 | U25: =S25/(W25) -> 59.2 | V25: =T25/(W25) -> 70.4 | W25: 0.02 | X25: =U25*V25 -> 4167.68 | Y25: 0.94305556 | Z25: 0.049305556 | AC25: =Y25+Z25 -> 0.99236111
A26: 320 | B26: Day 7 | C26: Post wounding day4 GFP NF female 20/09/22 (IV) (same as 311) | D26: G1 | F26: coarse map for offset | G26: Used | H26: 753786 | I26: this is 788 | J26: 0.1 | K26: 46 | L26: 35 | R26: =(Q26+P26)/2 -> 0 | S26: =N26-M26 -> 0 | T26: =Q26-P26 -> 0 | W26: 0.05 | Y26: 0.39791667 | Z26: 0.00069444444 | AC26: =Y26+Z26 -> 0.39861111
A27: 320 | B27: Day 7 | C27: Day 7 F1-1 20/2/24 same as 319 good? | D27: G1 | E27: right | G27: USED | H27: 753787 | I27: this is the coarse map for 320 | J27: 0.5 | K27: 46 | L27: 35 | M27: 48.702 | N27: 49.944 | O27: =(N27+M27)/2 -> 49.323 | P27: 7.88 | Q27: 10.495 | R27: =(Q27+P27)/2 -> 9.1875 | S27: =N27-M27 -> 1.242 | T27: =Q27-P27 -> 2.615 | U27: =S27/(W27) -> 62.1 | V27: =T27/(W27) -> 130.75 | W27: 0.02 | X27: =U27*V27 -> 8119.575 | Y27: 0.39930556 | Z27: 0.047222222 | AC27: =Y27+Z27 -> 0.44652778 | AD27: DAWN | AE27: YES | AF27: YES
A28: 322 | B28: Day 14 | C28: PW14 (4) 27/02/2024 same as 321 | D28: G1 | F28: first of 0.5s exposure times :( | G28: USED | H28: 753781 | J28: 0.5 | K28: 46 | L28: 35 | M28: 47.001 | N28: 48.251 | O28: =(N28+M28)/2 -> 47.626 | P28: 8.965 | Q28: 11.441 | R28: =(Q28+P28)/2 -> 10.203 | S28: =N28-M28 -> 1.25 | T28: =Q28-P28 -> 2.476 | U28: =S28/(W28) -> 62.5 | V28: =T28/(W28) -> 123.8 | W28: 0.02 | X28: =U28*V28 -> 7737.5 | Y28: 0.0097222222 | Z28: 0.045138889 | AC28: =Y28+Z28 -> 0.054861111
A29: 322 | B29: Day 14 | C29: PW14 (4) 27/02/2024 same as 321 | D29: G1 | F29: coarse map scan due to OAV misalignment | H29: 753780 | J29: 0.1 | K29: 46 | L29: 35 | R29: =(Q29+P29)/2 -> 0 | S29: =N29-M29 -> 0 | T29: =Q29-P29 -> 0 | W29: 0.05 | Y29: 0.0069444444 | Z29: 0.00069444444 | AC29: =Y29+Z29 -> 0.0076388889
A30: 98 SAXS | B30: Day 14 | C30: B2 - Wound day 14 | D30: G2 | F30: coarse scan to check offset | G30: USED | H30: 753782 | J30: 0.1 | K30: 46 | L30: 35 | M30: 51 | N30: 52.5 | O30: =(N30+M30)/2 -> 51.75 | P30: 10.8 | Q30: 12.441 | R30: =(Q30+P30)/2 -> 11.6205 | S30: =N30-M30 -> 1.5 | T30: =Q30-P30 -> 1.641 | U30: =S30/(W30) -> 30 | V30: =T30/(W30) -> 32.82 | W30: 0.05 | X30: =U30*V30 -> 984.6
A31: 98 SAXS | B31: Day 14 | C31: B2 - Wound day 14 | D31: G2 | G31: USED | H31: 753783 | J31: 0.5 | K31: 46 | L31: 35 | M31: 46.4 | N31: 47.65 | O31: =(N31+M31)/2 -> 47.025 | P31: 8.2 | Q31: 11 | R31: =(Q31+P31)/2 -> 9.6 | S31: =N31-M31 -> 1.25 | T31: =Q31-P31 -> 2.8 | U31: =S31/(W31) -> 62.5 | V31: =T31/(W31) -> 140 | W31: 0.02 | X31: =U31*V31 -> 8750 | Y31: 0.077083333 | Z31: 0.051388889 | AC31: =Y31+Z31 -> 0.12847222 | AD31: DAWN | AE31: YES | AF31: YES
A32: 152(2) SAXS-2 | B32: Day 7 | C32: B1 - Day 7 wound NF (1) 15.07.22 | D32: G2 | F32: coarse map scan | G32: USED | H32: 753789 | J32: 0.1 | K32: 46 | L32: 35 | O32: =(N33+M33)/2 -> 47.786 | R32: =(Q32+P32)/2 -> 0 | S32: =N32-M32 -> 0 | T32: =Q32-P32 -> 0 | U32: =S32/(W32) -> 0 | V32: =T32/(W32) -> 0 | W32: 0.05 | X32: =U32*V32 -> 0 | Y32: 0.46041667 | Z32: 0.00069444444 | AC32: =Y32+Z32 -> 0.46111111
A33: 152(2) SAXS-2 | B33: Day 7 | C33: B1 - Day 7 wound NF (1) 15.07.22 | D33: G2 | F33: hard to keep hydrated | G33: USED | H33: 753790 | J33: 0.5 | K33: 46 | L33: 35 | M33: 47.165 | N33: 48.407 | O33: =(Q33+P33)/2 -> 10.1245 | P33: 8.719 | Q33: 11.53 | R33: =(Q33+P33)/2 -> 10.1245 | S33: =N33-M33 -> 1.242 | T33: =Q33-P33 -> 2.811 | U33: =S33/(W33) -> 62.1 | V33: =T33/(W33) -> 140.55 | W33: 0.02 | X33: =U33*V33 -> 8728.155 | Y33: 0.46180556 | Z33: 0.051388889 | AC33: =Y33+Z33 -> 0.51319444 | AD33: DAWN | AE33: YES | AF33: YES
A34: 305 | B34: T5224 Day 10 | C34: T5224 sample F1-1 Female 2 Wound 1 10days PW 18/08/23 [not quite 500?] | D34: G2 | G34: USED | H34: 753831 | J34: 1 | K34: 46 | L34: 35 | M34: 48.5 | N34: 50.4 | O34: =(N34+M34)/2 -> 49.45 | P34: 7.9 | Q34: 10.6 | R34: =(Q34+P34)/2 -> 9.25 | S34: =N34-M34 -> 1.9 | T34: =Q34-P34 -> 2.7 | U34: =S34/(W34) -> 95 | V34: =T34/(W34) -> 135 | W34: 0.02 | X34: =U34*V34 -> 12825 | Y34: 0.048611111 | Z34: 0.15069444 | AC34: =Y34+Z34 -> 0.19930556 | AD34: DAWN
A35: 153(3) SAXS-2 | B35: Day 7 | C35: B1 - Day 7 wound NF (1) 15.07.22 (noWB?) | D35: G2 | E35: right | F35: coarse map scan | G35: USED | H35: 753791 | J35: 0.1 | K35: 46 | L35: 35 | O35: =(N35+M35)/2 -> 0 | R35: =(Q35+P35)/2 -> 0 | S35: =N35-M35 -> 0 | T35: =Q35-P35 -> 0 | U35: =S35/(W35) -> 0 | V35: =T35/(W35) -> 0 | W35: 0.05 | X35: =U35*V35 -> 0 | Y35: 0.52361111 | Z35: 0.00069444444 | AC35: =Y35+Z35 -> 0.52430556
A36: 153(3) SAXS-2 | B36: Day 7 | C36: B1 - Day 7 wound NF (1) 15.07.22 (noWB?) | D36: G2 | E36: right | F36: didnt clip edges of holder as quite straight | G36: USED | H36: 753792 | J36: 0.5 | K36: 46 | L36: 35 | M36: 47.23 | N36: 48.211 | O36: =(N36+M36)/2 -> 47.7205 | P36: 8.207 | Q36: 11.421 | R36: =(Q36+P36)/2 -> 9.814 | S36: =N36-M36 -> 0.981 | T36: =Q36-P36 -> 3.214 | U36: =S36/(W36) -> 49.05 | V36: =T36/(W36) -> 160.7 | W36: 0.02 | X36: =U36*V36 -> 7882.335 | Y36: 0.525 | Z36: 0.046527778 | AC36: =Y36+Z36 -> 0.57152778
A37: 165(15) SAXS-2 | B37: Day 21 | C37: B2 - Day 21 wound NF (2.2) 07.10.22 female | D37: G2 | E37: right | F37: didnt clip edges of holder as quite straight | G37: USED | H37: 753793 | J37: 0.5 | K37: 46 | L37: 35 | M37: 49.062 | N37: 50.042 | O37: =(N37+M37)/2 -> 49.552 | P37: 8.119 | Q37: 11.334 | R37: =(Q37+P37)/2 -> 9.7265 | S37: =N37-M37 -> 0.98 | T37: =Q37-P37 -> 3.215 | U37: =S37/(W37) -> 49 | V37: =T37/(W37) -> 160.75 | W37: 0.02 | X37: =U37*V37 -> 7876.75 | Y37: 0.57569444 | Z37: 0.046527778 | AC37: =Y37+Z37 -> 0.62222222
A38: 170(20) SAXS-2 | B38: Day 21 | C38: B4- Day 21 wound NF (1.1) 07.10.22 male | D38: G2 | E38: left | G38: USED | H38: 753798 | J38: 0.5 | K38: 46 | L38: 35 | M38: 48.604 | N38: 49.606 | O38: =(N38+M38)/2 -> 49.105 | P38: 8.109 | Q38: 11.4 | R38: =(Q38+P38)/2 -> 9.7545 | S38: =N38-M38 -> 1.002 | T38: =Q38-P38 -> 3.291 | U38: =S38/(W38) -> 50.1 | V38: =T38/(W38) -> 164.55 | W38: 0.02 | X38: =U38*V38 -> 8243.955 | Y38: 0.75 | Z38: 0.048611111 | AC38: =Y38+Z38 -> 0.79861111
A39: 172(22) SAXS-2 | B39: Day 21 | C39: B5- Day 21 wound NF (2.2) 07.10.22 female | D39: G2 | O39: =(N39+M39)/2 -> 0 | R39: =(Q39+P39)/2 -> 0 | S39: =N39-M39 -> 0 | T39: =Q39-P39 -> 0 | U39: =S39/(W39) -> #DIV/0! | V39: =T39/(W39) -> #DIV/0! | X39: =U39*V39 -> #DIV/0!
A40: 311 | B40: Day 4 | C40: Post wounding day4 GFP NF female 20/09/22 (IV) | D40: G2 | E40: left | F40: coarse map scan | G40: USED | H40: 753794 | J40: 0.1 | K40: 46 | L40: 35 | O40: =(N41+M41)/2 -> 47.3015 | R40: =(Q40+P40)/2 -> 0 | S40: =N41-M41 -> 1.493 | T40: =Q40-P40 -> 0 | U40: =S40/(W40) -> #DIV/0! | V40: =T40/(W40) -> #DIV/0! | X40: =U40*V40 -> #DIV/0!
A41: 311 | B41: Day 4 | C41: Post wounding day4 GFP NF female 20/09/22 (IV) | D41: G2 | E41: left | F41: coarse map scan | G41: USED | H41: 753795 | J41: 0.5 | K41: 46 | L41: 35 | M41: 46.555 | N41: 48.048 | O41: =(N43+M43)/2 -> 48.1295 | P41: 9.253 | Q41: 11.552 | R41: =(Q41+P41)/2 -> 10.4025 | S41: =N43-M43 -> 2.103 | T41: =Q41-P41 -> 2.299 | U41: =S41/(W41) -> 105.15 | V41: =T41/(W41) -> 114.95 | W41: 0.02 | X41: =U41*V41 -> 12086.992 | Y41: 0.63125 | Z41: 0.049305556 | AC41: =Y41+Z41 -> 0.68055556
A42: 319 | B42: Day 7 | C42: Day 7 F1-1 20/2/24 (may be beginning) | D42: G2 | E42: right | F42: coarse map | G42: USED | H42: 753796 | J42: 0.1 | K42: 46 | L42: 35 | O42: =(N42+M42)/2 -> 0 | R42: =(Q42+P42)/2 -> 0 | S42: =N42-M42 -> 0 | T42: =Q42-P42 -> 0 | U42: =S42/(W42) -> 0 | V42: =T42/(W42) -> 0 | W42: 0.05 | X42: =U42*V42 -> 0 | Y42: 0.68888889 | Z42: 0.00069444444 | AC42: =Y42+Z42 -> 0.68958333
A43: 319 | B43: Day 7 | C43: Day 7 F1-1 20/2/24 (may be beginning) | D43: G2 | E43: right | G43: USED | H43: 753797 | J43: 0.5 | K43: 46 | L43: 35 | M43: 47.078 | N43: 49.181 | O43: =(N43+M43)/2 -> 48.1295 | P43: 9.537 | Q43: 11.138 | R43: =(Q43+P43)/2 -> 10.3375 | S43: =N43-M43 -> 2.103 | T43: =Q43-P43 -> 1.601 | U43: =S43/(W43) -> 105.15 | V43: =T43/(W43) -> 80.05 | W43: 0.02 | X43: =U43*V43 -> 8417.2575 | Y43: 0.69097222 | Z43: 0.049305556 | AC43: =Y43+Z43 -> 0.74027778
A44: 321 | B44: Day 14 | C44: PW14 (4) 27/02/2024 | D44: G2 | O44: =(N44+M44)/2 -> 0 | R44: =(Q44+P44)/2 -> 0 | S44: =N44-M44 -> 0 | T44: =Q44-P44 -> 0 | U44: =S44/(W44) -> #DIV/0! | V44: =T44/(W44) -> #DIV/0! | X44: =U44*V44 -> #DIV/0!
A45: 68 | B45: day 4 | D45: G2 | R45: =(Q45+P45)/2 -> 0 | S45: =N45-M45 -> 0 | T45: =Q45-P45 -> 0
A46: 76 | B46: day 4 | D46: G2 | R46: =(Q46+P46)/2 -> 0 | S46: =N46-M46 -> 0 | T46: =Q46-P46 -> 0
A47: 79 SAXS | B47: Unwounded | C47: B3 – outside wound bed | D47: G1 | F47: for elis | G47: USED | H47: 753830 | J47: 0.5 | K47: 46 | L47: 35 | M47: 49 | N47: 50.13 | O47: =(N47+M47)/2 -> 49.565 | P47: 7.9 | Q47: 10.8 | R47: =(Q47+P47)/2 -> 9.35 | S47: =N47-M47 -> 1.13 | T47: =Q47-P47 -> 2.9 | U47: =S47/(W47) -> 56.5 | V47: =T47/(W47) -> 145 | W47: 0.02 | X47: =U47*V47 -> 8192.5 | Y47: 0.98888889 | Z47: 0.047916667 | AC47: =Y47+Z47 -> 1.0368056
A48: 71 SAXS | B48: Unwounded | C48: B2 – outside wound bed | D48: G1 | E48: right | F48: for elis | G48: USED | H48: 753828 | J48: 0.5 | K48: 46 | L48: 35 | M48: 47.736 | N48: 48.876 | O48: =(N48+M48)/2 -> 48.306 | P48: 9.004 | Q48: 11.171 | R48: =(Q48+P48)/2 -> 10.0875 | S48: =N48-M48 -> 1.14 | T48: =Q48-P48 -> 2.167 | U48: =S48/(W48) -> 57 | V48: =T48/(W48) -> 108.35 | W48: 0.02 | X48: =U48*V48 -> 6175.95 | Y48: 0.88194444 | Z48: 0.036111111 | AC48: =Y48+Z48 -> 0.91805556
A49: 78 SAXS | B49: Unwounded | C49: B3 – outside wound bed | D49: G1 | F49: for elis | G49: USED | H49: 753829 | J49: 0.5 | K49: 46 | L49: 35 | M49: 48.1 | N49: 49.13 | O49: =(N49+M49)/2 -> 48.615 | P49: 6.9 | Q49: 9.8 | R49: =(Q49+P49)/2 -> 8.35 | S49: =N49-M49 -> 1.03 | T49: =Q49-P49 -> 2.9 | U49: =S49/(W49) -> 51.5 | V49: =T49/(W49) -> 145 | W49: 0.02 | X49: =U49*V49 -> 7467.5 | Y49: 0.93055556 | Z49: 0.04375 | AC49: =Y49+Z49 -> 0.97430556
A50: 82 SAXS | B50: Day 7 | C50: B1 - Wound day 7 | D50: G2 | F50: very small and friable | O50: =(N50+M50)/2 -> 0 | R50: =(Q50+P50)/2 -> 0 | S50: =N50-M50 -> 0 | T50: =Q50-P50 -> 0 | U50: =S50/(W50) -> #DIV/0! | V50: =T50/(W50) -> #DIV/0! | X50: =U50*V50 -> #DIV/0!
A51: 84 SAXS | B51: Day 7 | C51: B2 - Wound day 7 | D51: G2 | F51: very small and friable | O51: =(N51+M51)/2 -> 0 | R51: =(Q51+P51)/2 -> 0 | S51: =N51-M51 -> 0 | T51: =Q51-P51 -> 0 | U51: =S51/(W51) -> #DIV/0! | V51: =T51/(W51) -> #DIV/0! | X51: =U51*V51 -> #DIV/0!
A52: 86 SAXS | B52: Day 7 | C52: B3 - Wound day 7 | D52: G2 | F52: very small and friable | O52: =(N52+M52)/2 -> 0 | R52: =(Q52+P52)/2 -> 0 | S52: =N52-M52 -> 0 | T52: =Q52-P52 -> 0 | U52: =S52/(W52) -> #DIV/0! | V52: =T52/(W52) -> #DIV/0! | X52: =U52*V52 -> #DIV/0!
A53: 91 SAXS | B53: Day 7 | C53: B4 - Wound day 7 | D53: G2 | F53: very small and friable | O53: =(N53+M53)/2 -> 0 | R53: =(Q53+P53)/2 -> 0 | S53: =N53-M53 -> 0 | T53: =Q53-P53 -> 0 | U53: =S53/(W53) -> #DIV/0! | V53: =T53/(W53) -> #DIV/0! | X53: =U53*V53 -> #DIV/0!
A54: 95 SAXS | B54: Day 14 | C54: B1 - Wound day 14 | D54: G2 | F54: very small and friable | O54: =(N54+M54)/2 -> 0 | R54: =(Q54+P54)/2 -> 0 | S54: =N54-M54 -> 0 | T54: =Q54-P54 -> 0 | U54: =S54/(W54) -> #DIV/0! | V54: =T54/(W54) -> #DIV/0! | X54: =U54*V54 -> #DIV/0!
A55: 109 SAXS | B55: Day 10 | C55: B2 - Wound day 10 | D55: G2 | F55: very small and friable | O55: =(N55+M55)/2 -> 0 | R55: =(Q55+P55)/2 -> 0 | S55: =N55-M55 -> 0 | T55: =Q55-P55 -> 0 | U55: =S55/(W55) -> #DIV/0! | V55: =T55/(W55) -> #DIV/0! | X55: =U55*V55 -> #DIV/0!
R56: =(Q56+P56)/2 -> 0 | S56: =N56-M56 -> 0 | T56: =Q56-P56 -> 0
A57: 4 SAXS | B57: PN2 | C57: B2 - Post Natal Day 2 | D57: G3 | O57: =(N57+M57)/2 -> 0 | R57: =(Q57+P57)/2 -> 0 | S57: =N57-M57 -> 0 | T57: =Q57-P57 -> 0 | U57: =S57/(W57) -> #DIV/0! | V57: =T57/(W57) -> #DIV/0! | X57: =U57*V57 -> #DIV/0!
A58: 7 SAXS | B58: PN2 | C58: B3 - Post Natal Day 2 | D58: G3 | O58: =(N58+M58)/2 -> 0 | R58: =(Q58+P58)/2 -> 0 | S58: =N58-M58 -> 0 | T58: =Q58-P58 -> 0 | U58: =S58/(W58) -> #DIV/0! | V58: =T58/(W58) -> #DIV/0! | X58: =U58*V58 -> #DIV/0!
A59: 21 SAXS | B59: PN10 | C59: B1 - Post Natal Day 10 | D59: G3 | O59: =(N59+M59)/2 -> 0 | R59: =(Q59+P59)/2 -> 0 | S59: =N59-M59 -> 0 | T59: =Q59-P59 -> 0 | U59: =S59/(W59) -> #DIV/0! | V59: =T59/(W59) -> #DIV/0! | X59: =U59*V59 -> #DIV/0!
A60: 24 SAXS | B60: PN10 | C60: B2 - Post Natal Day 10 | D60: G3 | O60: =(N60+M60)/2 -> 0 | R60: =(Q60+P60)/2 -> 0 | S60: =N60-M60 -> 0 | T60: =Q60-P60 -> 0 | U60: =S60/(W60) -> #DIV/0! | V60: =T60/(W60) -> #DIV/0! | X60: =U60*V60 -> #DIV/0!
A61: 27 SAXS | B61: PN10 | C61: B3 - Post Natal Day 10 | D61: G3 | O61: =(N61+M61)/2 -> 0 | R61: =(Q61+P61)/2 -> 0 | S61: =N61-M61 -> 0 | T61: =Q61-P61 -> 0 | U61: =S61/(W61) -> #DIV/0! | V61: =T61/(W61) -> #DIV/0! | X61: =U61*V61 -> #DIV/0!
A62: 110 SAXS | B62: PN4 | C62: B1- Post Natal day 4 | D62: G3 | O62: =(N62+M62)/2 -> 0 | R62: =(Q62+P62)/2 -> 0 | S62: =N62-M62 -> 0 | T62: =Q62-P62 -> 0 | U62: =S62/(W62) -> #DIV/0! | V62: =T62/(W62) -> #DIV/0! | X62: =U62*V62 -> #DIV/0!
A63: 116 SAXS | B63: PN4 | C63: B3- Post Natal day 4 | D63: G3 | O63: =(N63+M63)/2 -> 0 | R63: =(Q63+P63)/2 -> 0 | S63: =N63-M63 -> 0 | T63: =Q63-P63 -> 0 | U63: =S63/(W63) -> #DIV/0! | V63: =T63/(W63) -> #DIV/0! | X63: =U63*V63 -> #DIV/0!
A64: 313 | B64: PN2 | C64: Post natal day 2 GFP NF 23/08/17 (3) | D64: G3 | O64: =(N64+M64)/2 -> 0 | R64: =(Q64+P64)/2 -> 0 | S64: =N64-M64 -> 0 | T64: =Q64-P64 -> 0 | U64: =S64/(W64) -> #DIV/0! | V64: =T64/(W64) -> #DIV/0! | X64: =U64*V64 -> #DIV/0!
A65: 316 | B65: PN10 | C65: PN10 GFP(+) real! (1) back skin NF | D65: G3 | F65: first sample - for testing | G65: USED | O65: =(N65+M65)/2 -> 0 | R65: =(Q65+P65)/2 -> 0 | S65: =N65-M65 -> 0 | T65: =Q65-P65 -> 0 | U65: =S65/(W65) -> #DIV/0! | V65: =T65/(W65) -> #DIV/0! | X65: =U65*V65 -> #DIV/0!
A66: 18 SAXS | B66: E16.5 | C66: B3 – Embryonic Day 16.5 | D66: G4 | O66: =(N66+M66)/2 -> 0 | R66: =(Q66+P66)/2 -> 0 | S66: =N66-M66 -> 0 | T66: =Q66-P66 -> 0 | U66: =S66/(W66) -> #DIV/0! | V66: =T66/(W66) -> #DIV/0! | X66: =U66*V66 -> #DIV/0!
A67: 33 SAXS | B67: E18.5 | C67: B2 – Embryonic Day 18.5 | D67: G4 | O67: =(N67+M67)/2 -> 0 | R67: =(Q67+P67)/2 -> 0 | S67: =N67-M67 -> 0 | T67: =Q67-P67 -> 0 | U67: =S67/(W67) -> #DIV/0! | V67: =T67/(W67) -> #DIV/0! | X67: =U67*V67 -> #DIV/0!
A68: 36 SAXS | B68: E18.5 | C68: B3 – Embryonic Day 18.5 | D68: G4 | O68: =(N68+M68)/2 -> 0 | R68: =(Q68+P68)/2 -> 0 | S68: =N68-M68 -> 0 | T68: =Q68-P68 -> 0 | U68: =S68/(W68) -> #DIV/0! | V68: =T68/(W68) -> #DIV/0! | X68: =U68*V68 -> #DIV/0!
A69: 314 | B69: E16.5 | C69: E16.5 GFP(-) (1) NF | D69: G4 | O69: =(N69+M69)/2 -> 0 | R69: =(Q69+P69)/2 -> 0 | S69: =N69-M69 -> 0 | T69: =Q69-P69 -> 0 | U69: =S69/(W69) -> #DIV/0! | V69: =T69/(W69) -> #DIV/0! | X69: =U69*V69 -> #DIV/0!
A70: 315 | B70: E16.5 | C70: E16.5 GFP(-) (1) NF same as 314 | D70: G4 | O70: =(N70+M70)/2 -> 0 | R70: =(Q70+P70)/2 -> 0 | S70: =N70-M70 -> 0 | T70: =Q70-P70 -> 0 | U70: =S70/(W70) -> #DIV/0! | V70: =T70/(W70) -> #DIV/0! | X70: =U70*V70 -> #DIV/0!
A71: 317 | B71: E18.5 | C71: E18.5 M1 11/11/20 NF | D71: G4 | O71: =(N71+M71)/2 -> 0 | R71: =(Q71+P71)/2 -> 0 | S71: =N71-M71 -> 0 | T71: =Q71-P71 -> 0 | U71: =S71/(W71) -> #DIV/0! | V71: =T71/(W71) -> #DIV/0! | X71: =U71*V71 -> #DIV/0!
A72: 318 | B72: E18.5 | C72: E18.5 M1 11/11/20 NF same as 317 | D72: G4 | O72: =(N72+M72)/2 -> 0 | R72: =(Q72+P72)/2 -> 0 | S72: =N72-M72 -> 0 | T72: =Q72-P72 -> 0 | U72: =S72/(W72) -> #DIV/0! | V72: =T72/(W72) -> #DIV/0! | X72: =U72*V72 -> #DIV/0!
A73: 2a | B73: Incision | C73: Full sample 2a | D73: G4 | F73: full thickness | O73: =(N73+M73)/2 -> 0 | R73: =(Q73+P73)/2 -> 0 | S73: =N73-M73 -> 0 | T73: =Q73-P73 -> 0 | U73: =S73/(W73) -> #DIV/0! | V73: =T73/(W73) -> #DIV/0! | X73: =U73*V73 -> #DIV/0!
A74: 2b | B74: Incision | C74: Full sample 2b | D74: G4 | F74: full thickness | O74: =(N74+M74)/2 -> 0 | R74: =(Q74+P74)/2 -> 0 | S74: =N74-M74 -> 0 | T74: =Q74-P74 -> 0 | U74: =S74/(W74) -> #DIV/0! | V74: =T74/(W74) -> #DIV/0! | X74: =U74*V74 -> #DIV/0!
A75: 2c | B75: Helen pilot | C75: 2C incision 14 to 17 | D75: G4 | E75: NA | F75: Helen pilot full thicknes | G75: USED | H75: 753761 | J75: 1 | M75: 43.8 | N75: 55.8 | O75: =(N75+M75)/2 -> 49.8 | P75: 8.92 | Q75: 13.92 | R75: =(Q75+P75)/2 -> 11.42 | S75: =N75-M75 -> 12 | T75: =Q75-P75 -> 5 | U75: =S75/(W75) -> 160 | V75: =T75/(W75) -> 66.666667 | W75: 0.075 | X75: =U75*V75 -> 10666.667 | Y75: 0.16666667 | Z75: 0.125 | AC75: =Y75+Z75 -> 0.29166667
A76: 2c | B76: Helen pilot | C76: 2C incision 14 to 17 | D76: G4 | E76: NA | F76: Helen pilot - fast shutter didnt open in last scan full thickness | G76: USED | H76: 753762 | J76: 1 | M76: 43.8 | N76: 55.8 | O76: =(N76+M76)/2 -> 49.8 | P76: 8.92 | Q76: 13.92 | R76: =(Q76+P76)/2 -> 11.42 | S76: =N76-M76 -> 12 | T76: =Q76-P76 -> 5 | U76: =S76/(W76) -> 160 | V76: =T76/(W76) -> 66.666667 | W76: 0.075 | X76: =U76*V76 -> 10666.667 | Y76: 0.16805556 | Z76: 0.125 | AC76: =Y76+Z76 -> 0.29305556
A77: 2c | B77: Helen pilot | C77: 2C incision 14 to 17 | D77: G4 | E77: NA | F77: Helen pilot - THIRD SCAN!! Elis left his phone in the hutch full thicknes | G77: USED | J77: 1 | M77: 43.8 | N77: 55.8 | O77: =(N77+M77)/2 -> 49.8 | P77: 8.92 | Q77: 13.92 | R77: =(Q77+P77)/2 -> 11.42 | S77: =N77-M77 -> 12 | T77: =Q77-P77 -> 5 | U77: =S77/(W77) -> 160 | V77: =T77/(W77) -> 66.666667 | W77: 0.075 | X77: =U77*V77 -> 10666.667 | Y77: 0.17152778 | Z77: 0.125 | AC77: =Y77+Z77 -> 0.29652778
A78: radiation damage tests | X78: =U78*V78 -> 0
A79: 71 SAXS | B79: Unwounded | C79: B2 – outside wound bed | D79: G1 | E79: right | F79: 0.5s exposure 1 | G79: USED | H79: 753799 | J79: 0.5 | K79: 46 | L79: 35 | M79: 47.75 | N79: 49 | P79: 7.72 | Q79: 7.74 | S79: =N79-M79 -> 1.25 | T79: =Q79-P79 -> 0.02 | U79: =S79/(W79) -> 62.5 | V79: =T79/(W79) -> 1 | W79: 0.02 | X79: =U79*V79 -> 62.5 | AE79: YES | AF79: YES
A80: 71 SAXS | B80: Unwounded | C80: B2 – outside wound bed | D80: G1 | F80: 0.5s exposure 2 | G80: USED | H80: 753800 | J80: 0.5 | K80: 46 | L80: 35 | M80: 47.75 | N80: 49 | P80: 7.72 | Q80: 7.74 | S80: =N80-M80 -> 1.25 | T80: =Q80-P80 -> 0.02 | U80: =S80/(W80) -> 62.5 | V80: =T80/(W80) -> 1 | W80: 0.02 | X80: =U80*V80 -> 62.5
A81: 71 SAXS | B81: Unwounded | C81: B2 – outside wound bed | D81: G1 | F81: 0.5s exposure 3 | G81: USED | H81: 753801 | J81: 0.5 | K81: 46 | L81: 35 | M81: 47.75 | N81: 49 | P81: 7.72 | Q81: 7.74 | S81: =N81-M81 -> 1.25 | T81: =Q81-P81 -> 0.02 | U81: =S81/(W81) -> 62.5 | V81: =T81/(W81) -> 1 | W81: 0.02 | X81: =U81*V81 -> 62.5
A82: 71 SAXS | B82: Unwounded | C82: B2 – outside wound bed | D82: G1 | F82: 1s exposure 1 | G82: USED | H82: 753802 | J82: 1 | K82: 46 | L82: 35 | M82: 47.75 | N82: 49 | P82: 7.8 | Q82: 7.82 | S82: =N82-M82 -> 1.25 | T82: =Q82-P82 -> 0.02 | U82: =S82/(W82) -> 62.5 | V82: =T82/(W82) -> 1 | W82: 0.02 | X82: =U82*V82 -> 62.5
A83: 71 SAXS | B83: Unwounded | C83: B2 – outside wound bed | D83: G1 | F83: 1s exposure 2 | G83: USED | H83: 753803 | J83: 1 | K83: 46 | L83: 35 | M83: 47.75 | N83: 49 | P83: 7.8 | Q83: 7.82 | S83: =N83-M83 -> 1.25 | T83: =Q83-P83 -> 0.02 | U83: =S83/(W83) -> 62.5 | V83: =T83/(W83) -> 1 | W83: 0.02 | X83: =U83*V83 -> 62.5 | AE83: YES | AF83: YES
A84: 71 SAXS | B84: Unwounded | C84: B2 – outside wound bed | D84: G1 | F84: 1s exposure 3 | G84: USED | H84: 753804 | J84: 1 | K84: 46 | L84: 35 | M84: 47.75 | N84: 49 | P84: 7.8 | Q84: 7.82 | S84: =N84-M84 -> 1.25 | T84: =Q84-P84 -> 0.02 | U84: =S84/(W84) -> 62.5 | V84: =T84/(W84) -> 1 | W84: 0.02 | X84: =U84*V84 -> 62.5
A85: 71 SAXS | B85: Unwounded | C85: B2 – outside wound bed | D85: G1 | F85: 2s exposure 1 | G85: USED | H85: 753805 | J85: 2 | K85: 46 | L85: 35 | M85: 47.75 | N85: 49 | P85: 7.86 | Q85: 7.88 | S85: =N85-M85 -> 1.25 | T85: =Q85-P85 -> 0.02 | U85: =S85/(W85) -> 62.5 | V85: =T85/(W85) -> 1 | W85: 0.02 | X85: =U85*V85 -> 62.5 | Z85: 0 | AE85: YES | AF85: YES
A86: 71 SAXS | B86: Unwounded | C86: B2 – outside wound bed | D86: G1 | F86: 2s exposure 2 | G86: USED | H86: 753806 | J86: 2 | K86: 46 | L86: 35 | M86: 47.75 | N86: 49 | P86: 7.86 | Q86: 7.88 | S86: =N86-M86 -> 1.25 | T86: =Q86-P86 -> 0.02 | U86: =S86/(W86) -> 62.5 | V86: =T86/(W86) -> 1 | W86: 0.02 | X86: =U86*V86 -> 62.5 | Z86: 0
A87: 71 SAXS | B87: Unwounded | C87: B2 – outside wound bed | D87: G1 | F87: 2s exposure 3 | G87: USED | H87: 753807 | J87: 2 | K87: 46 | L87: 35 | M87: 47.75 | N87: 49 | P87: 7.86 | Q87: 7.88 | S87: =N87-M87 -> 1.25 | T87: =Q87-P87 -> 0.02 | U87: =S87/(W87) -> 62.5 | V87: =T87/(W87) -> 1 | W87: 0.02 | X87: =U87*V87 -> 62.5 | Z87: 0
A88: 71 SAXS | B88: Unwounded | C88: B2 – outside wound bed | D88: G1 | F88: 5s exposure | G88: USED | H88: 753808 | J88: 5 | K88: 46 | L88: 35 | M88: 47.75 | N88: 49 | P88: 7.9 | Q88: 7.92 | S88: =N88-M88 -> 1.25 | T88: =Q88-P88 -> 0.02 | U88: =S88/(W88) -> 62.5 | V88: =T88/(W88) -> 1 | W88: 0.02 | X88: =U88*V88 -> 62.5 | Z88: 0
A89: 71 SAXS | B89: Unwounded | C89: B2 – outside wound bed | D89: G1 | F89: 5s exposure 2 | G89: USED | H89: 753809 | J89: 5 | K89: 46 | L89: 35 | M89: 47.75 | N89: 49 | P89: 7.9 | Q89: 7.92 | S89: =N89-M89 -> 1.25 | T89: =Q89-P89 -> 0.02 | U89: =S89/(W89) -> 62.5 | V89: =T89/(W89) -> 1 | W89: 0.02 | X89: =U89*V89 -> 62.5 | AE89: YES | AF89: YES
A90: 71 SAXS | B90: Unwounded | C90: B2 – outside wound bed | D90: G1 | F90: failed | G90: USED | H90: 753810 | J90: 0 | K90: 46 | L90: 35 | S90: =N90-M90 -> 0 | T90: =Q90-P90 -> 0 | U90: =S90/(W90) -> #DIV/0! | V90: =T90/(W90) -> #DIV/0! | X90: =U90*V90 -> #DIV/0!
A91: 71 SAXS | B91: Unwounded | C91: B2 – outside wound bed | D91: G1 | F91: failed | G91: USED | H91: 753811 | J91: 0 | K91: 46 | L91: 35 | S91: =N91-M91 -> 0 | T91: =Q91-P91 -> 0 | U91: =S91/(W91) -> #DIV/0! | V91: =T91/(W91) -> #DIV/0! | X91: =U91*V91 -> #DIV/0!
A92: 71 SAXS | B92: Unwounded | C92: B2 – outside wound bed | D92: G1 | F92: failed | G92: USED | H92: 753812 | J92: 0 | K92: 46 | L92: 35 | S92: =N92-M92 -> 0 | T92: =Q92-P92 -> 0 | U92: =S92/(W92) -> #DIV/0! | V92: =T92/(W92) -> #DIV/0! | X92: =U92*V92 -> #DIV/0!
A93: 71 SAXS | B93: Unwounded | C93: B2 – outside wound bed | D93: G1 | G93: USED | H93: 753813 | J93: 0.5 | K93: 46 | L93: 35 | M93: 48.16 | N93: 48.17 | P93: 8 | Q93: 8 | S93: =N93-M93 -> 0.01 | T93: =Q93-P93 -> 0 | U93: =S93/(W93) -> #DIV/0! | V93: =T93/(W93) -> #DIV/0! | X93: =U93*V93 -> #DIV/0!
A94: 71 SAXS | B94: Unwounded | C94: B2 – outside wound bed | D94: G1 | F94: failed | G94: USED | H94: 753814 | J94: 0 | K94: 46 | L94: 35 | M94: 48.36 | N94: 48.365 | P94: 8 | Q94: 8 | S94: =N94-M94 -> 0.005 | T94: =Q94-P94 -> 0 | U94: =S94/(W94) -> #DIV/0! | V94: =T94/(W94) -> #DIV/0! | X94: =U94*V94 -> #DIV/0!
A95: 71 SAXS | B95: Unwounded | C95: B2 – outside wound bed | D95: G1 | G95: USED | H95: 753815 | J95: 0.5 | K95: 46 | L95: 35 | S95: =N95-M95 -> 0 | T95: =Q95-P95 -> 0 | U95: =S95/(W95) -> #DIV/0! | V95: =T95/(W95) -> #DIV/0! | X95: =U95*V95 -> #DIV/0!
A96: 71 SAXS | B96: Unwounded | C96: B2 – outside wound bed | D96: G1 | G96: USED | H96: 753816 | J96: 0.5 | K96: 46 | L96: 35 | S96: =N96-M96 -> 0 | T96: =Q96-P96 -> 0 | U96: =S96/(W96) -> #DIV/0! | V96: =T96/(W96) -> #DIV/0! | X96: =U96*V96 -> #DIV/0!
A97: 71 SAXS | B97: Unwounded | C97: B2 – outside wound bed | D97: G1 | F97: failed | G97: USED | H97: 753817 | J97: 0 | K97: 46 | L97: 35 | S97: =N97-M97 -> 0 | T97: =Q97-P97 -> 0 | U97: =S97/(W97) -> #DIV/0! | V97: =T97/(W97) -> #DIV/0! | X97: =U97*V97 -> #DIV/0!
A98: 71 SAXS | B98: Unwounded | C98: B2 – outside wound bed | D98: G1 | F98: failed | G98: USED | H98: 753818 | J98: 0 | K98: 46 | L98: 35 | S98: =N98-M98 -> 0 | T98: =Q98-P98 -> 0 | U98: =S98/(W98) -> #DIV/0! | V98: =T98/(W98) -> #DIV/0! | X98: =U98*V98 -> #DIV/0!
A99: 71 SAXS | B99: Unwounded | C99: B2 – outside wound bed | D99: G1 | F99: failed | G99: USED | H99: 753819 | J99: 0 | K99: 46 | L99: 35 | S99: =N99-M99 -> 0 | T99: =Q99-P99 -> 0 | U99: =S99/(W99) -> #DIV/0! | V99: =T99/(W99) -> #DIV/0! | X99: =U99*V99 -> #DIV/0!
A100: 71 SAXS | B100: Unwounded | C100: B2 – outside wound bed | D100: G1 | F100: ? | G100: USED | H100: 753820 | J100: 0.5 | S100: =N100-M100 -> 0 | T100: =Q100-P100 -> 0 | U100: =S100/(W100) -> 0 | V100: =T100/(W100) -> 0 | W100: 0.0005 | X100: =U100*V100 -> 0
...

Sheet SAXS July 23
A1: Eppendorf | B1: Description | C1: Type | D1: Type | E1: holder size | F1: epiderms | G1: Notes | H1: USED | I1: Scan Number | J1: Exposure | K1: X-size | L1: Y-size | M1: step size | N1: no points | O1: x | P1: y
K2: mm | L2: mm | M2: um
A3: 1 | B3: B1 - Post Natal Day 2 | C3: Mouse | D3: PN2 | E3: large | F3: left | H3: USED | I3: 692781 | J3: 0.5 | K3: 1 | L3: 1.898 | M3: 20 | N3: 4845 | O3: 95 | P3: 51 | Q3: looks ok
A4: 2 | B4: B1 - Post Natal Day 2 | C4: Mouse | D4: PN2
A5: 3 | B5: B1 - Post Natal Day 2 | C5: Mouse | D5: PN2
A6: 4 | B6: B2 - Post Natal Day 2 | C6: Mouse | D6: PN2
A7: 5 | B7: B2 - Post Natal Day 2 | C7: Mouse | D7: PN2
A8: 6 | B8: B2 - Post Natal Day 2 | C8: Mouse | D8: PN2
A9: 7 | B9: B3 - Post Natal Day 2 | C9: Mouse | D9: PN2
A10: 8 | B10: B3 - Post Natal Day 2 | C10: Mouse | D10: PN2
A11: 9 | B11: B3 - Post Natal Day 2 | C11: Mouse | D11: PN2
A12: 10 | B12: B1 – Embryonic Day 16.5 | C12: Mouse | D12: E16.5 | G12: DEAD | H12: USED
A13: 11 | B13: B1 – Embryonic Day 16.5 | C13: Mouse | D13: E16.5 | E13: large | F13: right(?) | H13: USED | I13: 692782 | J13: 0.5 | K13: 1.6 | L13: 1.34 | M13: 20 | N13: 5508 | O13: 68 | P13: 81 | Q13: looks ok but may be twisted
A14: 12 | B14: B1 – Embryonic Day 16.5 | C14: Mouse | D14: E16.5
A15: 13 | B15: B2 – Embryonic Day 16.5 | C15: Mouse | D15: E16.5 | E15: large | H15: USED | I15: 692836 | J15: 0.5 | K15: 1.086 | L15: 1.569 | M15: 20 | N15: 4345 | O15: 79 | P15: 55
A16: 14 | B16: B2 – Embryonic Day 16.5 | C16: Mouse | D16: E16.5
A17: 15 | B17: B2 – Embryonic Day 16.5 | C17: Mouse | D17: E16.5
A18: 16 | B18: B2 – Embryonic Day 16.5 | C18: Mouse | D18: E16.5 | G18: Practice Sample
A19: 17 | B19: B2 – Embryonic Day 16.5 | C19: Mouse | D19: E16.5 | G19: Practice Sample
A20: 18 | B20: B3 – Embryonic Day 16.5 | C20: Mouse | D20: E16.5
A21: 19 | B21: B3 – Embryonic Day 16.5 | C21: Mouse | D21: E16.5
A22: 20 | B22: B3 – Embryonic Day 16.5 | C22: Mouse | D22: E16.5
A23: 21 | B23: B1 - Post Natal Day 10 | C23: Mouse | D23: PN10
A24: 22 | B24: B1 - Post Natal Day 10 | C24: Mouse | D24: PN10
A25: 23 | B25: B1 - Post Natal Day 10 | C25: Mouse | D25: PN10 | G25: Potentially too small
A26: 24 | B26: B2 - Post Natal Day 10 | C26: Mouse | D26: PN10
A27: 25 | B27: B2 - Post Natal Day 10 | C27: Mouse | D27: PN10
A28: 26 | B28: B2 - Post Natal Day 10 | C28: Mouse | D28: PN10
A29: 27 | B29: B3 - Post Natal Day 10 | C29: Mouse | D29: PN10
A30: 28 | B30: B3 - Post Natal Day 10 | C30: Mouse | D30: PN10
A31: 29 | B31: B3 - Post Natal Day 10 | C31: Mouse | D31: PN10
A32: 30 | B32: B1 – Embryonic Day 18.5 | C32: Mouse | D32: E18.5 | E32: small | F32: right | H32: USED | I32: 692783 | J32: 0.5 | K32: 1.356 | L32: 3.57 | M32: 20 | N32: 12172 | O32: 179 | P32: 68 | Q32: looks good
A33: 31 | B33: B1 – Embryonic Day 18.5 | C33: Mouse | D33: E18.5
A34: 32 | B34: B1 – Embryonic Day 18.5 | C34: Mouse | D34: E18.5
A35: 33 | B35: B2 – Embryonic Day 18.5 | C35: Mouse | D35: E18.5
A36: 34 | B36: B2 – Embryonic Day 18.5 | C36: Mouse | D36: E18.5
A37: 35 | B37: B2 – Embryonic Day 18.5 | C37: Mouse | D37: E18.5
A38: 36 | B38: B3 – Embryonic Day 18.5 | C38: Mouse | D38: E18.5
A39: 37 | B39: B3 – Embryonic Day 18.5 | C39: Mouse | D39: E18.5
A40: 38 | B40: B3 – Embryonic Day 18.5 | C40: Mouse | D40: E18.5
A41: 39 | B41: B1 - Post Natal Day 10 | C41: Mouse | D41: PN10 | E41: large | G41: labelled as sample 36 | H41: USED | I41: 692835 | J41: 0.5 | K41: 1.086 | L41: 1.569 | M41: 20 | N41: 4345 | O41: 79 | P41: 55 | Q41: twisted - hair is on top not side
A42: 40 | B42: B1 - Post Natal Day 10 | C42: Mouse | D42: PN10
A43: 41 | B43: B1 - Post Natal Day 10 | C43: Mouse | D43: PN10
A44: 42 | B44: B2 - Post Natal Day 10 | C44: Mouse | D44: PN10
A45: 43 | B45: B2 - Post Natal Day 10 | C45: Mouse | D45: PN10
A46: 44 | B46: B2 - Post Natal Day 10 | C46: Mouse | D46: PN10
A47: 45 | B47: B3 - Post Natal Day 10 | C47: Mouse | D47: PN10 | G47: Practice Sample | H47: USED
A48: 46 | B48: B3 - Post Natal Day 10 | C48: Mouse | D48: PN10
A49: 47 | B49: B3 - Post Natal Day 10 | C49: Mouse | D49: PN10
A50: 48-59 | C50: Mouse | G50: NO SAMPLES FOR THESE NUMBERS
A51: 60 | B51: B1 - Wound day 4 | C51: Mouse | D51: Day 4 | G51: FRAGILE | H51: USED | Q51: DEAD
A52: 61 | B52: B1 - Wound day 4 | C52: Mouse | D52: Day 4 | E52: small | F52: rhs | H52: USED | I52: 692799 | J52: 0.5 | K52: 1.75 | L52: 2 | M52: 20 | N52: 8888 | O52: 101 | P52: 88 | Q52: mess
A53: 62 | B53: B1 - Wound day 4 | C53: Mouse | D53: Day 4 | G53: May be outside the wound bed
A54: 63 | B54: B1 – outside wound bed | C54: Mouse | D54: unwounded
A55: 64 | B55: B1 – outside wound bed | C55: Mouse | D55: unwounded | F55: LHS | H55: USED | I55: 692820 | J55: 0.5 | K55: 0.695 | L55: 1.947 | M55: 20 | N55: 3430 | O55: 98 | P55: 35 | Q55: mostly hair?
A56: 65 | B56: B1 – outside wound bed | C56: Mouse | D56: unwounded
A57: 66 | B57: B2 - Wound day 4 | C57: Mouse | D57: Day 4 | E57: small | F57: rhs | H57: USED | I57: 692826 | J57: 0.5 | K57: 1.378 | L57: 1.653 | M57: 20 | N57: 5727 | O57: 83 | P57: 69 | Q57: looks ok
A58: 67 | B58: B2 - Wound day 4 | C58: Mouse | D58: Day 4
A59: 68 | B59: B2 - Wound day 4 | C59: Mouse | D59: Day 4 | G59: May be outside the wound bed
A60: 69 | B60: B2 – outside wound bed | C60: Mouse | D60: unwounded | F60: right | H60: USED | I60: 692821 | J60: 0.5 | K60: 2.082 | L60: 7.623 | M60: 20 | N60: 7665 | O60: 73 | P60: 105 | Q60: hair on top
A61: 70 | B61: B2 – outside wound bed | C61: Mouse | D61: unwounded
A62: 71 | B62: B2 – outside wound bed | C62: Mouse | D62: unwounded
A63: 72 | B63: B2 – outside wound bed | C63: Mouse | D63: unwounded | G63: Practice | H63: USED
A64: 73 | B64: B2 – outside wound bed | C64: Mouse | D64: unwounded | E64: small | F64: right | G64: practice Sample | H64: USED | I64: 692762 | J64: 1 | K64: 1 | L64: 0.5 | M64: 20 | O64: 26 | P64: 51 | Q64: looks goos
A65: 74 | B65: B3 - Wound day 4 | C65: Mouse | D65: Day 4 | E65: small | F65: right | G65: may be front on? (also not full relax) | H65: USED | I65: 692795 | J65: 0.5 | K65: 1.5 | L65: 2.9 | M65: 20 | O65: 146 | P65: 76 | Q65: lots of hair - may be twisted
A66: 75 | B66: B3 - Wound day 4 | C66: Mouse | D66: Day 4
A67: 76 | B67: B3 - Wound day 4 | C67: Mouse | D67: Day 4
A68: 77 | B68: B3 – outside wound bed | C68: Mouse | D68: unwounded
A69: 78 | B69: B3 – outside wound bed | C69: Mouse | D69: unwounded
A70: 79 | B70: B3 – outside wound bed | C70: Mouse | D70: unwounded
A71: 80 | B71: B1 - Wound day 7 | C71: Mouse | D71: Day 7 | E71: small | F71: right | G71: may have a hole in sample centre (no sample name) | H71: USED | I71: 692796 | J71: 0.5 | K71: 1.1 | L71: 2 | M71: 20 | O71: 101 | P71: 71 | Q71: too much UL to see
A72: 81 | B72: B1 - Wound day 7 | C72: Mouse | D72: Day 7
A73: 82 | B73: B1 - Wound day 7 | C73: Mouse | D73: Day 7
A74: 83 | B74: B2 - Wound day 7 | C74: Mouse | D74: Day 7 | F74: right | H74: USED | I74: 692800 | J74: 0.5 | N74: =O74*P74 -> 15276 | O74: 201 | P74: 76 | Q74: looks good
A75: 84 | B75: B2 - Wound day 7 | C75: Mouse | D75: Day 7
A76: 85 | B76: B2 - Wound day 7 | C76: Mouse | D76: Day 7
A77: 86 | B77: B3 - Wound day 7 | C77: Mouse | D77: Day 7 | G77: practice
A78: 87 | B78: B3 - Wound day 7 | C78: Mouse | D78: Day 7
A79: 88 | B79: B3 - Wound day 7 | C79: Mouse | D79: Day 7
A80: 89 | B80: B4 - Wound day 7 | C80: Mouse | D80: Day 7 | G80: practice | Q80: epidermis side puckered?
A81: 90 | B81: B4 - Wound day 7 | C81: Mouse | D81: Day 7 | F81: right | H81: USED | I81: 692827 | J81: 0.5 | K81: 1.378 | L81: 1.517 | M81: 20 | N81: 5244 | O81: 76 | P81: 69
A82: 91 | B82: B4 - Wound day 7 | C82: Mouse | D82: Day 7
A83: 92 | B83: B1 - Wound day 14 | C83: Mouse | D83: Day 14 | Q83: twisted?
A84: 93 | B84: B1 - Wound day 14 | C84: Mouse | D84: Day 14
A85: 94 | B85: B1 - Wound day 14 | C85: Mouse | D85: Day 14
A86: 95 | B86: B1 - Wound day 14 | C86: Mouse | D86: Day 14
A87: 96 | B87: B2 - Wound day 14 | C87: Mouse | D87: Day 14 | H87: USED | I87: 692834 | J87: 0.5 | K87: 1.1 | L87: 2 | M87: 20 | O87: 101 | P87: 55
A88: 97 | B88: B2 - Wound day 14 | C88: Mouse | D88: Day 14 | E88: small | F88: left | H88: USED | I88: 692823 | J88: 0.5 | K88: 1.704 | L88: 1.401 | M88: 20 | N88: 6106 | O88: 71 | P88: 86
A89: 98 | B89: B2 - Wound day 14 | C89: Mouse | D89: Day 14
A90: 99 | B90: B3 - Wound day 14 | C90: Mouse | D90: Day 14 | Q90: looks good
A91: 100 | B91: B3 - Wound day 14 | C91: Mouse | D91: Day 14 | F91: left | H91: USED | I91: 692798 | J91: 0.5 | K91: 1.2 | L91: 2 | M91: 20 | N91: 6161 | O91: 101 | P91: 61
A92: 101 | B92: B3 - Wound day 14 | C92: Mouse | D92: Day 14
A93: 102 | B93: B3 - Wound day 14 | C93: Mouse | D93: Day 14 | G93: May be outside the wound bed
A94: 103 | B94: B1 - Wound day 10 | C94: Mouse | D94: Day 10
A95: 104 | B95: B1 - Wound day 10 | C95: Mouse | D95: Day 10 | H95: USED | I95: 692797 | J95: 0.5 | O95: 101 | P95: 56
A96: 105 | B96: B1 - Wound day 10 | C96: Mouse | D96: Day 10
A97: 106 | B97: B1 - Wound day 10 | C97: Mouse | D97: Day 10 | E97: small | H97: USED | I97: 692824 | J97: 0.5 | K97: 1.252 | L97: 2.095 | M97: 20 | N97: 6615 | O97: 105 | P97: 63
A98: 107 | B98: B2 - Wound day 10 | C98: Mouse | D98: Day 10 | E98: small | F98: rhs | G98: Unsure- wound not very visible | H98: USED | I98: 692822 | J98: 0.5 | K98: 1.347 | L98: 1.947 | M98: 20 | N98: 6664 | O98: 98 | P98: 68 | Q98: cant visualise
A99: 108 | B99: B2 - Wound day 10 | C99: Mouse | D99: Day 10 | G99: May be outside the wound bed | Q99: lookfs fine but bent
A100: 109 | B100: B2 - Wound day 10 | C100: Mouse | D100: Day 10 | G100: May be outside the wound bed
...

Sheet SAXS Nov 23
A1: Eppendorf | B1: Description | D1: TYPE | E1: Type | F1: epiderms location (L or R) | G1: Notes | H1: USED | I1: Start Scan Number | J1: End Scan Number | K1: Exposure time (s) | L1: X-start | M1: X-end | N1: X_centre | O1: Y-start | P1: Y-end | Q1: Y_centre | R1: X-wid mm | S1: Y-len mm | T1: X-number | U1: Y-number | V1: step size (um) | W1: no points | X1: start time | Y1: time length | Z1: End time | AA1: Approx time from mapping | AB1: Approx end time
A2: 62 | B2: B1 - Wound day 4 | D2: Day 4 | E2: Mouse | K2: 0.5 | R2: =M2-L2 -> 0 | S2: =P2-O2 -> 0 | T2: =R2/(V2/1000) -> 0 | U2: =S2/(V2/1000) -> 0 | V2: 20 | W2: =T2*U2 -> 0 | Y2: =Z2-X2 -> 0 | AB2: =X2+AA2 -> 0
A3: 63 | B3: B1 – outside wound bed | D3: unwounded | E3: Mouse | K3: 0.5 | R3: =M3-L3 -> 0 | S3: =P3-O3 -> 0 | T3: =R3/(V3/1000) -> 0 | U3: =S3/(V3/1000) -> 0 | V3: 20 | W3: =T3*U3 -> 0 | Y3: =Z3-X3 -> 0 | AB3: =X3+AA3 -> 0
A4: 65 | B4: B1 – outside wound bed | D4: unwounded | E4: Mouse | K4: 0.5 | R4: =M4-L4 -> 0 | S4: =P4-O4 -> 0 | T4: =R4/(V4/1000) -> 0 | U4: =S4/(V4/1000) -> 0 | V4: 20 | W4: =T4*U4 -> 0 | Y4: =Z4-X4 -> 0 | AB4: =X4+AA4 -> 0
A5: 67 | B5: B2 - Wound day 4 | D5: Day 4 | E5: Mouse | K5: 0.5 | R5: =M5-L5 -> 0 | S5: =P5-O5 -> 0 | T5: =R5/(V5/1000) -> 0 | U5: =S5/(V5/1000) -> 0 | V5: 20 | W5: =T5*U5 -> 0 | Y5: =Z5-X5 -> 0 | AB5: =X5+AA5 -> 0
A6: 68 | B6: B2 - Wound day 4 | D6: Day 4 | E6: Mouse | G6: May be outside the wound bed | K6: 0.5 | R6: =M6-L6 -> 0 | S6: =P6-O6 -> 0 | T6: =R6/(V6/1000) -> 0 | U6: =S6/(V6/1000) -> 0 | V6: 20 | W6: =T6*U6 -> 0 | Y6: =Z6-X6 -> 0 | AB6: =X6+AA6 -> 0
A7: 70 | B7: B2 – outside wound bed | D7: unwounded | E7: Mouse | K7: 0.5 | R7: =M7-L7 -> 0 | S7: =P7-O7 -> 0 | T7: =R7/(V7/1000) -> 0 | U7: =S7/(V7/1000) -> 0 | V7: 20 | W7: =T7*U7 -> 0 | Y7: =Z7-X7 -> 0 | AB7: =X7+AA7 -> 0
A8: 71 | B8: B2 – outside wound bed | D8: unwounded | E8: Mouse | K8: 0.5 | R8: =M8-L8 -> 0 | S8: =P8-O8 -> 0 | T8: =R8/(V8/1000) -> 0 | U8: =S8/(V8/1000) -> 0 | V8: 20 | W8: =T8*U8 -> 0 | Y8: =Z8-X8 -> 0 | AB8: =X8+AA8 -> 0
A9: 75 | B9: B3 - Wound day 4 | D9: Day 4 | E9: Mouse | K9: 0.5 | R9: =M9-L9 -> 0 | S9: =P9-O9 -> 0 | T9: =R9/(V9/1000) -> 0 | U9: =S9/(V9/1000) -> 0 | V9: 20 | W9: =T9*U9 -> 0 | Y9: =Z9-X9 -> 0 | AB9: =X9+AA9 -> 0
A10: 76 | B10: B3 - Wound day 4 | D10: Day 4 | E10: Mouse | K10: 0.5 | R10: =M10-L10 -> 0 | S10: =P10-O10 -> 0 | T10: =R10/(V10/1000) -> 0 | U10: =S10/(V10/1000) -> 0 | V10: 20 | W10: =T10*U10 -> 0 | Y10: =Z10-X10 -> 0 | AB10: =X10+AA10 -> 0
A11: 77 | B11: B3 – outside wound bed | D11: unwounded | E11: Mouse | F11: LEFT | H11: USED | I11: 725323 | J11: 725336 | K11: 0.5 | L11: 19.7 | M11: 21.3 | O11: -40.3 | P11: =O11+1.6 -> -38.7 | R11: =M11-L11 -> 1.6 | S11: =P11-O11 -> 1.6 | T11: =R11/(V11/1000) -> 80 | U11: =S11/(V11/1000) -> 80 | V11: 20 | W11: =T11*U11 -> 6400 | Y11: =Z11-X11 -> 0 | AB11: =X11+AA11 -> 0
D12: unwounded | G12: Malcolm stopped scan? | H12: USED | I12: 725337 | J12: 725395 | K12: 0.5 | L12: 19.7 | M12: 21.3 | R12: 1.6 | S12: =P12-O12 -> 0 | T12: 80 | U12: 53 | V12: 20 | W12: =T12*U12 -> 4240 | Y12: =Z12-X12 -> 0 | AB12: =X12+AA12 -> 0
A13: 78 | B13: B3 – outside wound bed | D13: unwounded | E13: Mouse | K13: 0.5 | R13: =M13-L13 -> 0 | S13: =P13-O13 -> 0 | T13: =R13/(V13/1000) -> 0 | U13: =S13/(V13/1000) -> 0 | V13: 20 | W13: =T13*U13 -> 0 | Y13: =Z13-X13 -> 0 | AB13: =X13+AA13 -> 0
A14: 79 | B14: B3 – outside wound bed | D14: unwounded | E14: Mouse | K14: 0.5 | R14: =M14-L14 -> 0 | S14: =P14-O14 -> 0 | T14: =R14/(V14/1000) -> 0 | U14: =S14/(V14/1000) -> 0 | V14: 20 | W14: =T14*U14 -> 0 | Y14: =Z14-X14 -> 0 | AB14: =X14+AA14 -> 0
A15: 81 | B15: B1 - Wound day 7 | D15: Day 7 | E15: Mouse | K15: 0.5 | R15: =M15-L15 -> 0 | S15: =P15-O15 -> 0 | T15: =R15/(V15/1000) -> 0 | U15: =S15/(V15/1000) -> 0 | V15: 20 | W15: =T15*U15 -> 0 | Y15: =Z15-X15 -> 0 | AB15: =X15+AA15 -> 0
A16: 82 | B16: B1 - Wound day 7 | D16: Day 7 | E16: Mouse | K16: 0.5 | R16: =M16-L16 -> 0 | S16: =P16-O16 -> 0 | T16: =R16/(V16/1000) -> 0 | U16: =S16/(V16/1000) -> 0 | V16: 20 | W16: =T16*U16 -> 0 | Y16: =Z16-X16 -> 0 | AB16: =X16+AA16 -> 0
A17: 84 | B17: B2 - Wound day 7 | D17: Day 7 | E17: Mouse | K17: 0.5 | R17: =M17-L17 -> 0 | S17: =P17-O17 -> 0 | T17: =R17/(V17/1000) -> 0 | U17: =S17/(V17/1000) -> 0 | V17: 20 | W17: =T17*U17 -> 0 | Y17: =Z17-X17 -> 0 | AB17: =X17+AA17 -> 0
A18: 86 | B18: B3 - Wound day 7 | D18: Day 7 | E18: Mouse | K18: 0.5 | R18: =M18-L18 -> 0 | S18: =P18-O18 -> 0 | T18: =R18/(V18/1000) -> 0 | U18: =S18/(V18/1000) -> 0 | V18: 20 | W18: =T18*U18 -> 0 | Y18: =Z18-X18 -> 0 | AB18: =X18+AA18 -> 0
A19: 88 | B19: B3 - Wound day 7 | D19: Day 7 | E19: Mouse | K19: 0.5 | R19: =M19-L19 -> 0 | S19: =P19-O19 -> 0 | T19: =R19/(V19/1000) -> 0 | U19: =S19/(V19/1000) -> 0 | V19: 20 | W19: =T19*U19 -> 0 | Y19: =Z19-X19 -> 0 | AB19: =X19+AA19 -> 0
